transaction_id,customer_id,datetime,stock_code,action,quantity,price,fee
TC001_0_0,C001,2023-07-03 10:03:00,BCM,buy,77,77.27,7.185732459351981
TC001_0_1,C001,2023-07-03 10:22:00,VGC,buy,53,39.53,9.936185926288566
TC001_0_2,C001,2023-07-03 11:01:00,NKG,buy,60,13.39,1.7316974625610382
TC001_0_3,C001,2023-07-03 10:43:00,DCM,buy,54,22.28,4.584685318182172
TC001_0_4,C001,2023-07-03 10:27:00,FPT,buy,13,53.74,2.2229278150954785
TC001_0_6,C001,2023-07-03 14:09:00,FPT,sell,4,53.68,0.7680545333891838
TC001_0_7,C001,2023-07-03 14:16:00,VGC,sell,53,36.38,5.757984722666618
TC001_0_8,C001,2023-07-03 13:16:00,BCM,sell,32,76.68,3.0346396923573162
TC001_0_9,C001,2023-07-03 13:10:00,NKG,sell,26,9.87,1.0919409843752503
TC001_0_close,C001,2023-07-03 13:23:00,DCM,sell,54,20.1,3.3731222951428115
TC001_1_0,C001,2023-07-04 11:04:00,NKG,buy,78,13.62,3.315637625104206
TC001_1_1,C001,2023-07-04 09:53:00,FPT,buy,37,54.12,2.3466593198049135
TC001_1_2,C001,2023-07-04 09:40:00,BCM,buy,67,77.18,14.199290457628996
TC001_1_3,C001,2023-07-04 11:04:00,VGC,buy,43,39.67,5.1030490045116075
TC001_1_4,C001,2023-07-04 13:59:00,FPT,sell,37,51.93,5.594035422652658
TC001_1_5,C001,2023-07-04 13:45:00,VGC,sell,14,42.91,1.1951825044128985
TC001_1_7,C001,2023-07-04 14:00:00,BCM,sell,14,75.33,1.762802330346101
TC001_1_close,C001,2023-07-04 14:30:00,NKG,sell,78,11.59,1.697041688735454
TC001_2_0,C001,2023-07-05 11:13:00,BCM,buy,45,76.51,14.07383176773597
TC001_2_1,C001,2023-07-05 11:20:00,DCM,buy,72,24.05,5.427284448492277
TC001_2_2,C001,2023-07-05 09:56:00,VGC,buy,32,40.21,3.765591009480379
TC001_2_3,C001,2023-07-05 11:26:00,VGC,buy,12,42.49,1.3332465397732365
TC001_2_4,C001,2023-07-05 10:31:00,DCM,buy,41,22.48,2.1877469653706743
TC001_2_5,C001,2023-07-05 10:34:00,NKG,buy,22,13.78,1.2343586173577228
TC001_2_6,C001,2023-07-05 11:23:00,BCM,buy,24,77.39,6.2438451904719
TC001_2_7,C001,2023-07-05 14:09:00,NKG,sell,22,12.74,1.0705617526588505
TC001_2_8,C001,2023-07-05 13:54:00,VGC,sell,24,40.83,3.9383356843228783
TC001_2_11,C001,2023-07-05 13:18:00,DCM,sell,56,20.67,4.314862996097771
TC001_2_close,C001,2023-07-05 14:17:00,BCM,sell,69,74.7,13.777888831442207
TC001_3_0,C001,2023-07-06 11:24:00,BCM,buy,46,76.22,16.945360964909455
TC001_3_1,C001,2023-07-06 09:57:00,NKG,buy,65,13.62,2.0794263799376833
TC001_3_2,C001,2023-07-06 10:42:00,VGC,buy,43,39.85,4.22085854107913
TC001_3_3,C001,2023-07-06 10:58:00,VGC,buy,18,39.6,2.2096900996574855
TC001_3_5,C001,2023-07-06 13:39:00,NKG,sell,43,15.32,1.631725912669416
TC001_3_close,C001,2023-07-06 14:18:00,BCM,sell,46,72.55,14.246999814365852
TC001_3_close,C001,2023-07-06 14:15:00,VGC,sell,61,37.74,6.103786580611575
TC001_4_0,C001,2023-07-07 11:22:00,VGC,buy,68,41.21,9.060163610690944
TC001_4_1,C001,2023-07-07 10:27:00,NKG,buy,54,12.54,2.721510512376839
TC001_4_2,C001,2023-07-07 09:12:00,BCM,buy,45,76.51,13.278525665572388
TC001_4_3,C001,2023-07-07 09:57:00,FPT,buy,41,54.48,8.93146190818964
TC001_4_4,C001,2023-07-07 11:05:00,NKG,buy,52,17.63,4.581697969845097
TC001_4_5,C001,2023-07-07 09:26:00,NKG,buy,33,14.32,1.6911900210706436
TC001_4_6,C001,2023-07-07 13:37:00,NKG,sell,72,13.64,3.657714519553969
TC001_4_8,C001,2023-07-07 14:06:00,VGC,sell,68,45.09,9.533004342099272
TC001_4_close,C001,2023-07-07 14:48:00,BCM,sell,45,78.65,13.02265617064933
TC001_4_close,C001,2023-07-07 13:00:00,FPT,sell,41,54.48,5.825761173935291
TC001_5_0,C001,2023-07-10 09:02:00,DCM,buy,26,22.73,2.649506061632913
TC001_5_1,C001,2023-07-10 09:32:00,VGC,buy,80,41.12,7.386396654597511
TC001_5_2,C001,2023-07-10 10:34:00,NKG,buy,24,14.63,0.4063557806971283
TC001_5_3,C001,2023-07-10 11:03:00,BCM,buy,33,76.89,12.336999063576028
TC001_5_4,C001,2023-07-10 11:15:00,VGC,buy,66,43.55,13.286790075380026
TC001_5_5,C001,2023-07-10 10:57:00,FPT,buy,78,54.48,16.041137435704922
TC001_5_6,C001,2023-07-10 11:22:00,VGC,buy,68,37.36,12.081892012106916
TC001_5_8,C001,2023-07-10 14:49:00,DCM,sell,26,19.18,2.179626157811295
TC001_5_9,C001,2023-07-10 13:06:00,FPT,sell,41,57.81,9.248697885134996
TC001_5_10,C001,2023-07-10 13:38:00,VGC,sell,214,40.88,42.87007473711256
TC001_5_12,C001,2023-07-10 14:08:00,NKG,sell,14,14.52,0.5046617975163772
TC001_5_close,C001,2023-07-10 13:02:00,BCM,sell,33,76.49,9.538868442053838
TC001_6_0,C001,2023-07-11 09:11:00,BCM,buy,53,77.37,14.54327709078999
TC001_6_1,C001,2023-07-11 11:29:00,NKG,buy,30,14.52,2.061286001912934
TC001_6_2,C001,2023-07-11 11:09:00,FPT,buy,69,54.26,8.387944934942176
TC001_6_4,C001,2023-07-11 14:50:00,FPT,sell,47,50.99,11.182081815248894
TC001_6_close,C001,2023-07-11 14:29:00,BCM,sell,53,75.16,19.751565490582973
TC001_6_close,C001,2023-07-11 14:41:00,NKG,sell,30,13.36,0.5703906263146888
TC001_7_0,C001,2023-07-12 09:54:00,NKG,buy,79,14.48,3.9393375010530143
TC001_7_1,C001,2023-07-12 11:15:00,VGC,buy,44,41.3,3.4912888652786607
TC001_7_2,C001,2023-07-12 10:26:00,FPT,buy,80,58.4,14.65079340038571
TC001_7_3,C001,2023-07-12 11:10:00,BCM,buy,30,78.62,9.043706730445868
TC001_7_4,C001,2023-07-12 10:47:00,BCM,buy,13,77.08,2.002802777782025
TC001_7_5,C001,2023-07-12 09:09:00,FPT,buy,37,54.48,9.189100557107023
TC001_7_6,C001,2023-07-12 11:16:00,NKG,buy,40,11.45,1.2944125782864944
TC001_7_7,C001,2023-07-12 14:32:00,VGC,sell,44,39.46,7.260024837542587
TC001_7_8,C001,2023-07-12 14:15:00,BCM,sell,22,77.19,7.841805148285932
TC001_7_close,C001,2023-07-12 14:40:00,NKG,sell,119,11.14,2.29228817960746
TC001_7_close,C001,2023-07-12 14:13:00,FPT,sell,117,50.85,27.15385340059572
TC001_8_0,C001,2023-07-13 11:26:00,VGC,buy,22,42.03,3.378355889398553
TC001_8_1,C001,2023-07-13 11:12:00,BCM,buy,60,77.37,15.236818435305025
TC001_8_2,C001,2023-07-13 10:35:00,VGC,buy,39,42.48,3.3839314593623553
TC001_8_3,C001,2023-07-13 11:21:00,BCM,buy,31,73.8,5.546845990890686
TC001_8_4,C001,2023-07-13 10:47:00,NKG,buy,52,14.52,1.52352100586468
TC001_8_5,C001,2023-07-13 11:04:00,DCM,buy,66,23.3,1.6568773943782675
TC001_8_6,C001,2023-07-13 13:53:00,DCM,sell,41,20.69,2.6912468720243807
TC001_8_9,C001,2023-07-13 14:43:00,NKG,sell,17,18.48,1.084466058446427
TC001_8_close,C001,2023-07-13 13:46:00,VGC,sell,61,45.83,4.676957693390915
TC001_8_close,C001,2023-07-13 13:21:00,BCM,sell,91,76.17,24.106216188881348
TC001_9_0,C001,2023-07-14 11:29:00,VGC,buy,48,45.66,4.984254504776453
TC001_9_1,C001,2023-07-14 09:16:00,DCM,buy,43,23.22,4.204688839076497
TC001_9_2,C001,2023-07-14 11:05:00,FPT,buy,57,56.65,8.145379929839281
TC001_9_3,C001,2023-07-14 11:19:00,VGC,buy,53,42.43,9.974710064734708
TC001_9_4,C001,2023-07-14 10:18:00,DCM,buy,46,24.13,1.5654017925366739
TC001_9_8,C001,2023-07-14 13:23:00,FPT,sell,28,54.05,5.963111887315348
TC001_9_close,C001,2023-07-14 14:30:00,VGC,sell,101,44.96,8.195426419510822
TC001_9_close,C001,2023-07-14 13:36:00,DCM,sell,89,24.55,4.093520022199199
TC001_10_0,C001,2023-07-17 10:59:00,NKG,buy,46,15.14,1.3979973076487264
TC001_10_1,C001,2023-07-17 11:03:00,VGC,buy,31,41.84,3.0329638076711043
TC001_10_2,C001,2023-07-17 10:07:00,BCM,buy,63,77.66,18.35536009114808
TC001_10_3,C001,2023-07-17 10:04:00,BCM,buy,69,76.41,22.35949005682646
TC001_10_close,C001,2023-07-17 13:17:00,NKG,sell,46,15.69,1.3089582583577968
TC001_10_close,C001,2023-07-17 13:58:00,VGC,sell,31,40.71,5.005316674207648
TC001_10_close,C001,2023-07-17 13:09:00,BCM,sell,132,78.0,39.360744370934384
TC001_11_0,C001,2023-07-18 11:21:00,VGC,buy,50,41.75,3.4479045914715694
TC001_11_1,C001,2023-07-18 11:26:00,DCM,buy,60,23.5,2.546450831091804
TC001_11_2,C001,2023-07-18 11:06:00,BCM,buy,24,76.22,7.878459238337299
TC001_11_3,C001,2023-07-18 09:11:00,NKG,buy,26,14.87,0.5034238312025077
TC001_11_4,C001,2023-07-18 09:26:00,NKG,buy,50,15.79,2.1270897700131015
TC001_11_5,C001,2023-07-18 09:03:00,FPT,buy,49,56.94,3.681028869485596
TC001_11_6,C001,2023-07-18 13:18:00,FPT,sell,49,53.24,3.7480009062002986
TC001_11_7,C001,2023-07-18 13:36:00,NKG,sell,39,13.45,2.1687043016773795
TC001_11_10,C001,2023-07-18 14:51:00,DCM,sell,10,22.49,1.0505503480304048
TC001_11_11,C001,2023-07-18 13:03:00,BCM,sell,13,73.09,3.6119080254829155
TC001_11_close,C001,2023-07-18 14:19:00,VGC,sell,50,38.88,7.033166922819877
TC001_12_0,C001,2023-07-19 10:06:00,NKG,buy,23,14.61,1.0310081126465211
TC001_12_1,C001,2023-07-19 09:59:00,FPT,buy,13,56.79,1.7836447613992543
TC001_12_2,C001,2023-07-19 11:14:00,BCM,buy,29,76.51,5.488582483031929
TC001_12_3,C001,2023-07-19 09:35:00,NKG,buy,33,14.83,1.003567606269046
TC001_12_4,C001,2023-07-19 11:26:00,FPT,buy,13,57.69,3.739898712023089
TC001_12_5,C001,2023-07-19 10:25:00,FPT,buy,33,55.83,3.561100783717738
TC001_12_6,C001,2023-07-19 11:15:00,NKG,buy,23,12.17,0.9791606508608139
TC001_12_12,C001,2023-07-19 14:20:00,FPT,sell,27,58.68,4.63101573106347
TC001_12_close,C001,2023-07-19 13:13:00,NKG,sell,79,15.67,2.583198173208007
TC001_12_close,C001,2023-07-19 13:00:00,BCM,sell,29,79.48,4.84560210511133
TC001_13_0,C001,2023-07-20 10:24:00,NKG,buy,69,14.94,5.058607815872807
TC001_13_1,C001,2023-07-20 10:04:00,VGC,buy,24,42.11,3.877092491400458
TC001_13_2,C001,2023-07-20 09:39:00,FPT,buy,53,58.1,5.840715924134323
TC001_13_3,C001,2023-07-20 09:15:00,DCM,buy,24,23.79,1.8353023828607886
TC001_13_4,C001,2023-07-20 09:06:00,BCM,buy,42,76.7,14.440656251931529
TC001_13_5,C001,2023-07-20 10:53:00,NKG,buy,39,12.14,2.0578299486122678
TC001_13_6,C001,2023-07-20 13:09:00,VGC,sell,24,45.38,2.145038620923431
TC001_13_7,C001,2023-07-20 14:48:00,BCM,sell,25,78.84,5.044112334026494
TC001_13_11,C001,2023-07-20 13:29:00,NKG,sell,32,11.77,0.5175230478871207
TC001_13_close,C001,2023-07-20 14:38:00,FPT,sell,53,59.04,9.389465153695392
TC001_13_close,C001,2023-07-20 13:41:00,DCM,sell,24,20.1,1.6342242455549842
TC001_14_0,C001,2023-07-21 10:30:00,FPT,buy,80,58.6,8.132803346712917
TC001_14_1,C001,2023-07-21 09:21:00,VGC,buy,24,42.84,3.4326699234106006
TC001_14_2,C001,2023-07-21 14:51:00,VGC,sell,4,41.08,0.475837860384405
TC001_14_close,C001,2023-07-21 13:47:00,FPT,sell,80,61.46,23.59514741713196
TC001_15_0,C001,2023-07-24 09:59:00,VGC,buy,67,44.94,3.7473751470195427
TC001_15_1,C001,2023-07-24 09:10:00,VGC,buy,68,43.83,3.245793768726478
TC001_15_close,C001,2023-07-24 13:17:00,VGC,sell,135,44.53,17.5474090711984
TC001_16_0,C001,2023-07-25 10:09:00,FPT,buy,11,58.82,2.3223912486822886
TC001_16_1,C001,2023-07-25 11:03:00,VGC,buy,50,42.93,7.707335404784592
TC001_16_2,C001,2023-07-25 11:06:00,VGC,buy,16,39.41,1.1815652624408857
TC001_16_3,C001,2023-07-25 11:14:00,VGC,buy,75,45.35,11.297018894181685
TC001_16_close,C001,2023-07-25 13:49:00,FPT,sell,11,55.12,0.7056295722781409
TC001_16_close,C001,2023-07-25 13:32:00,VGC,sell,141,41.5,10.608604627725986
TC001_17_0,C001,2023-07-26 11:30:00,VGC,buy,76,43.02,11.791046207546696
TC001_17_1,C001,2023-07-26 09:41:00,FPT,buy,23,59.83,6.816120200969686
TC001_17_2,C001,2023-07-26 11:00:00,NKG,buy,14,15.3,0.8186338066592245
TC001_17_3,C001,2023-07-26 11:09:00,DCM,buy,23,24.2,1.2161050016724733
TC001_17_4,C001,2023-07-26 10:57:00,FPT,buy,68,58.92,9.205739485637306
TC001_17_5,C001,2023-07-26 10:47:00,BCM,buy,58,74.89,15.073792825239435
TC001_17_6,C001,2023-07-26 14:01:00,FPT,sell,20,59.67,3.834602818265184
TC001_17_11,C001,2023-07-26 13:31:00,VGC,sell,9,40.32,0.781692188495831
TC001_17_close,C001,2023-07-26 14:56:00,NKG,sell,14,16.09,0.9876504124458176
TC001_17_close,C001,2023-07-26 14:48:00,DCM,sell,23,25.2,1.2282442115535284
TC001_17_close,C001,2023-07-26 13:06:00,BCM,sell,58,72.33,7.368350463320453
TC001_18_0,C001,2023-07-27 10:28:00,VGC,buy,62,45.72,3.526102044036265
TC001_18_1,C001,2023-07-27 10:22:00,NKG,buy,44,15.3,1.265288670490475
TC001_18_2,C001,2023-07-27 10:09:00,VGC,buy,23,42.2,4.763490012527773
TC001_18_4,C001,2023-07-27 13:54:00,NKG,sell,14,18.24,1.2534269321166973
TC001_18_close,C001,2023-07-27 13:39:00,VGC,sell,85,43.54,5.8422988244670115
TC001_19_0,C001,2023-07-28 11:03:00,BCM,buy,17,75.15,2.530865658530225
TC001_19_1,C001,2023-07-28 10:19:00,DCM,buy,23,24.93,1.2022145990297943
TC001_19_2,C001,2023-07-28 10:12:00,BCM,buy,47,70.55,8.54792139369833
TC001_19_3,C001,2023-07-28 10:30:00,BCM,buy,42,72.97,3.262322126847261
TC001_19_4,C001,2023-07-28 09:25:00,BCM,buy,42,74.5,12.18689891508071
TC001_19_5,C001,2023-07-28 09:54:00,VGC,buy,58,43.2,9.359904959747793
TC001_19_6,C001,2023-07-28 14:13:00,VGC,sell,58,41.96,10.466324464812104
TC001_19_9,C001,2023-07-28 13:11:00,BCM,sell,148,72.62,42.65268096753037
TC001_19_11,C001,2023-07-28 13:25:00,DCM,sell,8,26.08,0.8614923530970872
TC001_20_0,C001,2023-07-31 09:05:00,BCM,buy,63,77.37,15.451785788603859
TC001_20_1,C001,2023-07-31 11:16:00,FPT,buy,23,61.93,3.0770062449813813
TC001_20_2,C001,2023-07-31 11:05:00,VGC,buy,36,42.93,2.4365786411542762
TC001_20_3,C001,2023-07-31 11:24:00,DCM,buy,68,22.16,4.457279441821589
TC001_20_4,C001,2023-07-31 09:27:00,DCM,buy,47,25.92,5.281706509097215
TC001_20_5,C001,2023-07-31 14:53:00,DCM,sell,115,24.76,11.491712407021849
TC001_20_6,C001,2023-07-31 14:37:00,BCM,sell,63,81.23,8.336003557578666
TC001_20_7,C001,2023-07-31 13:03:00,FPT,sell,23,58.48,4.425162394825455
TC001_20_close,C001,2023-07-31 14:42:00,VGC,sell,36,46.59,5.380284358196238
TC001_21_0,C001,2023-08-01 11:04:00,VGC,buy,42,44.02,5.92767692869545
TC001_21_1,C001,2023-08-01 10:41:00,BCM,buy,76,75.46,23.55789273903764
TC001_21_2,C001,2023-08-01 14:05:00,BCM,sell,76,76.02,25.70212680572592
TC001_21_3,C001,2023-08-01 13:29:00,VGC,sell,20,44.6,1.4413217932797318
TC001_22_0,C001,2023-08-02 11:25:00,BCM,buy,70,74.41,21.489929584827706
TC001_22_1,C001,2023-08-02 10:29:00,DCM,buy,17,26.53,1.2085900694301492
TC001_22_2,C001,2023-08-02 11:14:00,DCM,buy,60,24.77,2.6273575899488595
TC001_22_3,C001,2023-08-02 09:04:00,VGC,buy,48,43.83,10.44495775577952
TC001_22_5,C001,2023-08-02 14:14:00,BCM,sell,35,74.65,7.6789924832730465
TC001_22_8,C001,2023-08-02 13:47:00,DCM,sell,15,23.51,1.451582053995569
TC001_22_close,C001,2023-08-02 14:11:00,VGC,sell,48,46.18,6.393285439440313
TC001_23_0,C001,2023-08-03 09:13:00,DCM,buy,62,27.14,5.997651954020074
TC001_23_1,C001,2023-08-03 11:24:00,DCM,buy,53,29.26,6.302632160391295
TC001_23_2,C001,2023-08-03 10:51:00,BCM,buy,34,73.41,6.376464579870686
TC001_23_3,C001,2023-08-03 10:28:00,FPT,buy,12,61.97,3.294674884463408
TC001_23_4,C001,2023-08-03 09:51:00,FPT,buy,25,60.56,3.548067062723978
TC001_23_5,C001,2023-08-03 09:11:00,BCM,buy,64,73.93,23.27369408374354
TC001_23_7,C001,2023-08-03 14:33:00,BCM,sell,26,77.81,10.028788306368089
TC001_23_11,C001,2023-08-03 13:12:00,DCM,sell,115,29.69,10.409084099259768
TC001_23_close,C001,2023-08-03 14:38:00,FPT,sell,37,58.59,2.720709934621895
TC001_24_0,C001,2023-08-04 10:10:00,VGC,buy,61,43.11,5.221267130404902
TC001_24_1,C001,2023-08-04 09:46:00,FPT,buy,24,60.27,1.8034608384002142
TC001_24_2,C001,2023-08-04 10:12:00,DCM,buy,43,26.98,4.642483060129819
TC001_24_3,C001,2023-08-04 11:13:00,DCM,buy,15,25.09,0.5747544291941186
TC001_24_4,C001,2023-08-04 11:22:00,BCM,buy,13,73.74,3.010616330153303
TC001_24_5,C001,2023-08-04 10:03:00,FPT,buy,17,59.73,2.638468360949018
TC001_24_6,C001,2023-08-04 11:14:00,NKG,buy,38,14.98,1.4365549964411586
TC001_24_7,C001,2023-08-04 13:55:00,VGC,sell,30,42.72,2.77292279323562
TC001_24_8,C001,2023-08-04 13:03:00,BCM,sell,8,71.16,2.5707423042377915
TC001_24_10,C001,2023-08-04 14:02:00,DCM,sell,16,25.18,1.6875702079753303
TC001_24_close,C001,2023-08-04 13:43:00,FPT,sell,41,64.06,9.469101173187225
TC001_24_close,C001,2023-08-04 14:03:00,NKG,sell,38,16.42,2.4950790057676286
TC001_25_0,C001,2023-08-07 10:12:00,FPT,buy,20,60.24,1.2619319280856107
TC001_25_1,C001,2023-08-07 09:22:00,FPT,buy,21,61.0,5.087506515383323
TC001_25_2,C001,2023-08-07 09:55:00,FPT,buy,10,62.09,1.2295889474890487
TC001_25_3,C001,2023-08-07 10:54:00,NKG,buy,47,14.98,1.2194047500215663
TC001_25_4,C001,2023-08-07 11:11:00,FPT,buy,40,64.23,8.472843744782097
TC001_25_5,C001,2023-08-07 09:18:00,FPT,buy,45,61.13,9.291755408845658
TC001_25_6,C001,2023-08-07 11:01:00,FPT,buy,68,63.36,17.63484964139742
TC001_25_9,C001,2023-08-07 14:38:00,NKG,sell,47,14.7,3.416030388878734
TC001_25_close,C001,2023-08-07 14:54:00,FPT,sell,204,60.91,44.2888164078701
TC001_26_0,C001,2023-08-08 11:25:00,BCM,buy,28,73.26,9.890868533680935
TC001_26_1,C001,2023-08-08 10:12:00,NKG,buy,45,14.98,2.2955003348914707
TC001_26_2,C001,2023-08-08 11:29:00,DCM,buy,35,27.31,3.4393674555961424
TC001_26_3,C001,2023-08-08 10:07:00,FPT,buy,76,60.92,18.424977892485032
TC001_26_5,C001,2023-08-08 13:04:00,BCM,sell,28,76.04,3.4974124324497464
TC001_26_close,C001,2023-08-08 13:55:00,NKG,sell,45,16.47,3.0443128383784774
TC001_26_close,C001,2023-08-08 13:14:00,DCM,sell,35,24.37,1.0652981283087697
TC001_26_close,C001,2023-08-08 13:55:00,FPT,sell,76,62.23,19.723387321502987
TC001_27_0,C001,2023-08-09 10:13:00,VGC,buy,41,41.57,2.090213522063656
TC001_27_1,C001,2023-08-09 10:54:00,NKG,buy,46,15.22,2.633684182238431
TC001_27_2,C001,2023-08-09 09:39:00,DCM,buy,57,27.06,6.509616874603797
TC001_27_3,C001,2023-08-09 13:28:00,VGC,sell,24,44.94,2.6784875110320328
TC001_27_4,C001,2023-08-09 14:47:00,NKG,sell,25,15.75,1.3098060985534954
TC001_27_close,C001,2023-08-09 13:18:00,DCM,sell,57,24.15,2.658767672394007
TC001_28_0,C001,2023-08-10 10:28:00,NKG,buy,40,14.79,1.9901323116791727
TC001_28_1,C001,2023-08-10 10:05:00,DCM,buy,22,26.32,1.2909488191503213
TC001_28_2,C001,2023-08-10 10:35:00,BCM,buy,77,70.68,20.842921563535132
TC001_28_3,C001,2023-08-10 10:42:00,BCM,buy,39,73.76,10.676419218030615
TC001_28_4,C001,2023-08-10 11:03:00,DCM,buy,69,26.65,4.253807504316731
TC001_28_5,C001,2023-08-10 09:35:00,FPT,buy,49,59.47,11.549582594021158
TC001_28_6,C001,2023-08-10 13:00:00,FPT,sell,22,59.75,5.999123877160199
TC001_28_7,C001,2023-08-10 13:28:00,DCM,sell,25,22.94,1.8284982363252742
TC001_28_9,C001,2023-08-10 13:39:00,BCM,sell,47,67.43,8.581783856985872
TC001_28_close,C001,2023-08-10 13:32:00,NKG,sell,40,18.36,2.0255472889482298
TC001_29_0,C001,2023-08-11 10:37:00,BCM,buy,33,70.78,8.401433260992645
TC001_29_1,C001,2023-08-11 11:05:00,NKG,buy,27,15.18,0.9428301467600139
TC001_29_2,C001,2023-08-11 09:48:00,DCM,buy,10,26.9,0.28577502603005256
TC001_29_close,C001,2023-08-11 13:10:00,BCM,sell,33,67.72,9.388644511304364
TC001_29_close,C001,2023-08-11 14:37:00,NKG,sell,27,17.95,0.8484479672399827
TC001_29_close,C001,2023-08-11 13:36:00,DCM,sell,10,28.01,0.9650231989795567
TC001_30_0,C001,2023-08-14 09:49:00,DCM,buy,15,27.43,0.964085907280675
TC001_30_1,C001,2023-08-14 09:08:00,FPT,buy,51,59.76,9.18128888208303
TC001_30_2,C001,2023-08-14 11:25:00,BCM,buy,70,71.02,19.315573182763462
TC001_30_3,C001,2023-08-14 11:13:00,BCM,buy,44,70.2,8.451883699863192
TC001_30_4,C001,2023-08-14 11:10:00,FPT,buy,31,63.41,2.714125309097323
TC001_30_5,C001,2023-08-14 13:28:00,DCM,sell,15,28.83,1.8871076729623473
TC001_30_close,C001,2023-08-14 14:07:00,FPT,sell,82,63.54,16.121789942811628
TC001_30_close,C001,2023-08-14 14:48:00,BCM,sell,114,74.14,27.169514099825808
TC001_31_0,C001,2023-08-15 09:59:00,BCM,buy,69,69.92,19.688054404753643
TC001_31_1,C001,2023-08-15 09:33:00,VGC,buy,64,43.7,10.409562527067976
TC001_31_2,C001,2023-08-15 11:29:00,BCM,buy,25,67.91,5.192360597418575
TC001_31_3,C001,2023-08-15 09:12:00,NKG,buy,25,15.88,1.697994220905916
TC001_31_4,C001,2023-08-15 10:22:00,NKG,buy,72,18.54,2.4758386671745978
TC001_31_5,C001,2023-08-15 10:43:00,DCM,buy,25,27.26,0.8250372459267877
TC001_31_6,C001,2023-08-15 11:14:00,NKG,buy,75,16.05,4.002513385207132
TC001_31_7,C001,2023-08-15 14:38:00,DCM,sell,11,26.24,1.1056823287908575
TC001_31_8,C001,2023-08-15 14:26:00,BCM,sell,21,67.17,4.591468650125167
TC001_31_9,C001,2023-08-15 14:52:00,VGC,sell,64,44.28,8.396641939796693
TC001_31_12,C001,2023-08-15 13:45:00,NKG,sell,110,18.12,7.907137928889834
TC001_32_0,C001,2023-08-16 09:08:00,BCM,buy,57,69.63,16.9683274098394
TC001_32_1,C001,2023-08-16 09:42:00,NKG,buy,64,15.8,4.93618044208636
TC001_32_2,C001,2023-08-16 11:23:00,DCM,buy,67,27.26,4.989961211757814
TC001_32_3,C001,2023-08-16 11:28:00,BCM,buy,13,72.44,1.3763934100150184
TC001_32_4,C001,2023-08-16 11:05:00,BCM,buy,72,67.94,22.67605413922159
TC001_32_5,C001,2023-08-16 13:14:00,NKG,sell,6,18.07,0.46914007555465315
TC001_32_7,C001,2023-08-16 14:12:00,BCM,sell,87,72.7,14.204185276305129
TC001_32_close,C001,2023-08-16 13:39:00,DCM,sell,67,30.01,8.521962402190722
TC001_33_0,C001,2023-08-17 10:38:00,FPT,buy,16,62.22,1.862471744582512
TC001_33_1,C001,2023-08-17 09:34:00,DCM,buy,16,26.86,2.1220473375691404
TC001_33_2,C001,2023-08-17 09:34:00,NKG,buy,18,15.57,1.03095084814644
TC001_33_3,C001,2023-08-17 11:28:00,VGC,buy,47,43.78,6.166197791979335
TC001_33_4,C001,2023-08-17 09:25:00,VGC,buy,11,42.16,1.3074106431267953
TC001_33_5,C001,2023-08-17 13:27:00,NKG,sell,9,12.33,0.45407811469707593
TC001_33_6,C001,2023-08-17 13:19:00,FPT,sell,1,61.24,0.19914958372645175
TC001_33_8,C001,2023-08-17 13:42:00,DCM,sell,10,24.79,1.0327464965833673
TC001_33_close,C001,2023-08-17 14:28:00,VGC,sell,58,42.47,8.37468092664689
TC001_34_0,C001,2023-08-18 09:54:00,FPT,buy,43,61.86,3.325372849534312
TC001_34_1,C001,2023-08-18 09:52:00,DCM,buy,39,25.18,2.2456366820797946
TC001_34_2,C001,2023-08-18 11:13:00,BCM,buy,50,64.95,13.244261766446797
TC001_34_4,C001,2023-08-18 13:21:00,FPT,sell,27,58.38,3.898773806456891
TC001_34_close,C001,2023-08-18 13:29:00,DCM,sell,39,28.14,4.316483184686351
TC001_34_close,C001,2023-08-18 14:01:00,BCM,sell,50,61.05,13.073398326355225
TC001_35_0,C001,2023-08-21 11:01:00,NKG,buy,10,11.72,0.3146539746280912
TC001_35_1,C001,2023-08-21 11:21:00,BCM,buy,39,67.79,10.458087000776196
TC001_35_2,C001,2023-08-21 09:45:00,NKG,buy,64,13.78,2.56666590670795
TC001_35_3,C001,2023-08-21 10:23:00,DCM,buy,50,26.37,5.075760079801133
TC001_35_4,C001,2023-08-21 10:16:00,BCM,buy,79,66.29,20.05995979165201
TC001_35_5,C001,2023-08-21 11:11:00,DCM,buy,24,23.21,1.9412229947958535
TC001_35_7,C001,2023-08-21 14:51:00,DCM,sell,37,30.26,3.4245772126037384
TC001_35_close,C001,2023-08-21 13:13:00,NKG,sell,74,12.9,3.408935907369044
TC001_35_close,C001,2023-08-21 14:57:00,BCM,sell,118,70.25,36.478718497852135
TC001_36_0,C001,2023-08-22 11:13:00,NKG,buy,22,12.91,0.9450938283542385
TC001_36_1,C001,2023-08-22 09:50:00,VGC,buy,36,39.67,3.598286150930789
TC001_36_2,C001,2023-08-22 09:33:00,FPT,buy,73,62.58,14.690579622567348
TC001_36_3,C001,2023-08-22 11:16:00,VGC,buy,35,36.87,4.9058541818581896
TC001_36_4,C001,2023-08-22 09:24:00,NKG,buy,13,13.93,0.5041266483003121
TC001_36_5,C001,2023-08-22 13:03:00,NKG,sell,35,11.63,0.6069918937088943
TC001_36_close,C001,2023-08-22 14:57:00,VGC,sell,71,41.79,6.503893801078802
TC001_36_close,C001,2023-08-22 13:48:00,FPT,sell,73,65.46,20.389935683003984
TC001_37_0,C001,2023-08-23 09:43:00,FPT,buy,24,62.58,2.1531172218545866
TC001_37_1,C001,2023-08-23 11:11:00,BCM,buy,22,64.67,4.8748827862506765
TC001_37_2,C001,2023-08-23 10:49:00,VGC,buy,52,39.17,7.961450435946691
TC001_37_4,C001,2023-08-23 13:47:00,BCM,sell,5,65.42,1.466919305007265
TC001_37_close,C001,2023-08-23 13:06:00,FPT,sell,24,64.83,5.282183471011661
TC001_37_close,C001,2023-08-23 13:33:00,VGC,sell,52,42.6,2.794020519620133
TC001_38_0,C001,2023-08-24 11:13:00,VGC,buy,20,39.5,2.048328086431764
TC001_38_1,C001,2023-08-24 09:01:00,VGC,buy,46,40.57,4.147658887665276
TC001_38_2,C001,2023-08-24 10:10:00,VGC,buy,35,43.15,7.024148798396287
TC001_38_3,C001,2023-08-24 10:43:00,DCM,buy,24,26.57,2.5886339477900973
TC001_38_4,C001,2023-08-24 11:03:00,BCM,buy,31,63.45,2.9150864882638166
TC001_38_5,C001,2023-08-24 10:49:00,BCM,buy,61,64.0,18.325561577888216
TC001_38_6,C001,2023-08-24 10:44:00,DCM,buy,41,28.75,4.4501869244596035
TC001_38_7,C001,2023-08-24 13:45:00,DCM,sell,65,24.43,3.949045706971626
TC001_38_close,C001,2023-08-24 13:58:00,VGC,sell,101,42.28,8.603709001518043
TC001_38_close,C001,2023-08-24 13:48:00,BCM,sell,92,60.34,8.964762038684787
TC001_39_0,C001,2023-08-25 09:20:00,DCM,buy,14,26.57,0.5021007393202376
TC001_39_1,C001,2023-08-25 09:45:00,BCM,buy,14,63.52,3.501793227103534
TC001_39_2,C001,2023-08-25 09:54:00,NKG,buy,42,14.09,2.6732918247091266
TC001_39_3,C001,2023-08-25 14:39:00,DCM,sell,6,24.62,0.5502294634617363
TC001_39_4,C001,2023-08-25 13:18:00,NKG,sell,26,12.5,1.496650786695529
TC001_39_6,C001,2023-08-25 13:58:00,BCM,sell,3,62.24,0.5180361570352989
TC001_40_0,C001,2023-08-28 11:08:00,DCM,buy,64,27.46,4.875234792644752
TC001_40_1,C001,2023-08-28 09:43:00,FPT,buy,28,68.8,7.059277236783016
TC001_40_2,C001,2023-08-28 09:07:00,DCM,buy,35,27.88,1.4594563322968315
TC001_40_3,C001,2023-08-28 10:20:00,VGC,buy,41,41.39,8.466894470815223
TC001_40_4,C001,2023-08-28 11:06:00,NKG,buy,63,14.48,0.9672947466648594
TC001_40_5,C001,2023-08-28 13:22:00,VGC,sell,19,39.48,1.4786451045525966
TC001_40_7,C001,2023-08-28 13:47:00,DCM,sell,55,31.4,7.020222941808694
TC001_40_close,C001,2023-08-28 14:31:00,FPT,sell,28,70.27,3.65125318717622
TC001_40_close,C001,2023-08-28 14:30:00,NKG,sell,63,17.52,2.4471932925928037
TC001_41_0,C001,2023-08-29 10:39:00,BCM,buy,13,66.54,2.0299522099943994
TC001_41_1,C001,2023-08-29 09:40:00,FPT,buy,66,68.51,22.311498604905218
TC001_41_2,C001,2023-08-29 09:25:00,BCM,buy,47,68.1,15.812210458519447
TC001_41_6,C001,2023-08-29 13:56:00,FPT,sell,66,68.21,6.096753568781629
TC001_41_close,C001,2023-08-29 13:28:00,BCM,sell,60,67.58,12.614130991040595
TC001_42_0,C001,2023-08-30 10:57:00,FPT,buy,78,71.32,16.42352735567803
TC001_42_1,C001,2023-08-30 10:50:00,BCM,buy,17,72.18,3.199654696858526
TC001_42_2,C001,2023-08-30 09:55:00,NKG,buy,67,14.63,3.5883758800323395
TC001_42_3,C001,2023-08-30 09:28:00,FPT,buy,76,70.71,16.460456443534806
TC001_42_4,C001,2023-08-30 10:13:00,BCM,buy,12,68.58,3.141768101128157
TC001_42_5,C001,2023-08-30 11:24:00,VGC,buy,51,41.84,7.68050177500608
TC001_42_6,C001,2023-08-30 13:59:00,BCM,sell,15,66.17,3.478971577109036
TC001_42_12,C001,2023-08-30 14:13:00,NKG,sell,34,16.17,1.6388409530480743
TC001_42_close,C001,2023-08-30 14:39:00,FPT,sell,154,73.76,13.367531098748586
TC001_42_close,C001,2023-08-30 14:50:00,VGC,sell,51,44.85,5.741061270211524
TC001_43_0,C001,2023-08-31 11:06:00,VGC,buy,25,43.47,3.0438023815706745
TC001_43_1,C001,2023-08-31 11:08:00,BCM,buy,42,68.96,9.309964059188406
TC001_43_2,C001,2023-08-31 10:59:00,DCM,buy,18,27.79,0.8460510803824218
TC001_43_3,C001,2023-08-31 09:11:00,NKG,buy,59,15.02,3.5338154491246017
TC001_43_4,C001,2023-08-31 13:00:00,BCM,sell,18,72.43,3.8668549711467537
TC001_43_6,C001,2023-08-31 13:03:00,NKG,sell,35,13.61,2.1464888987900186
TC001_43_7,C001,2023-08-31 13:06:00,DCM,sell,3,26.88,0.32289228060851316
TC001_43_close,C001,2023-08-31 13:45:00,VGC,sell,25,39.54,2.8851862121505794
TC001_44_0,C001,2023-09-05 11:01:00,FPT,buy,37,70.85,4.403370825105741
TC001_44_1,C001,2023-09-05 10:46:00,BCM,buy,21,66.1,6.5539650764518536
TC001_44_2,C001,2023-09-05 09:11:00,BCM,buy,10,68.1,1.405757940307812
TC001_44_3,C001,2023-09-05 11:03:00,BCM,buy,78,65.61,24.011970748068762
TC001_44_4,C001,2023-09-05 09:12:00,VGC,buy,35,44.02,3.0391924610728345
TC001_44_5,C001,2023-09-05 09:52:00,BCM,buy,51,70.3,14.50016233129501
TC001_44_8,C001,2023-09-05 14:39:00,FPT,sell,8,73.31,1.1747812863355382
TC001_44_close,C001,2023-09-05 13:57:00,BCM,sell,160,65.6,18.52086131137024
TC001_44_close,C001,2023-09-05 13:31:00,VGC,sell,35,44.86,4.527965768683882
TC001_45_0,C001,2023-09-06 10:59:00,BCM,buy,14,67.53,4.7003604560365275
TC001_45_1,C001,2023-09-06 11:25:00,VGC,buy,41,45.65,6.028130994540623
TC001_45_2,C001,2023-09-06 09:04:00,BCM,buy,78,68.01,12.894958161975916
TC001_45_close,C001,2023-09-06 13:08:00,BCM,sell,92,70.94,26.119187627692835
TC001_45_close,C001,2023-09-06 13:36:00,VGC,sell,41,42.41,4.078674957968059
TC001_46_0,C001,2023-09-07 10:35:00,BCM,buy,71,64.35,14.295046891061707
TC001_46_1,C001,2023-09-07 09:38:00,VGC,buy,23,45.65,4.1403118317746905
TC001_46_2,C001,2023-09-07 09:59:00,DCM,buy,11,24.55,0.5392547977540638
TC001_46_3,C001,2023-09-07 10:45:00,FPT,buy,27,71.66,6.813534171163163
TC001_46_4,C001,2023-09-07 09:09:00,NKG,buy,40,16.27,2.9111348099320113
TC001_46_5,C001,2023-09-07 09:27:00,DCM,buy,29,28.37,3.3510771998131856
TC001_46_6,C001,2023-09-07 10:15:00,BCM,buy,74,67.82,20.54706767931382
TC001_46_7,C001,2023-09-07 14:29:00,NKG,sell,16,17.57,0.4439988492246912
TC001_46_9,C001,2023-09-07 14:19:00,BCM,sell,63,71.43,15.899492166621515
TC001_46_11,C001,2023-09-07 13:46:00,FPT,sell,17,69.77,2.566657324910488
TC001_46_13,C001,2023-09-07 13:42:00,VGC,sell,11,47.88,1.8714690559831655
TC001_46_close,C001,2023-09-07 14:25:00,DCM,sell,40,31.47,3.118692911564469
TC001_47_0,C001,2023-09-08 09:30:00,FPT,buy,37,71.44,7.648710276300642
TC001_47_1,C001,2023-09-08 11:27:00,FPT,buy,16,71.35,4.603677151015312
TC001_47_2,C001,2023-09-08 09:18:00,VGC,buy,53,46.19,11.462558202134836
TC001_47_3,C001,2023-09-08 10:43:00,NKG,buy,51,17.01,1.2273635092970776
TC001_47_4,C001,2023-09-08 11:08:00,DCM,buy,53,30.34,5.435121584385801
TC001_47_5,C001,2023-09-08 13:45:00,DCM,sell,22,32.54,1.9659974478756461
TC001_47_6,C001,2023-09-08 13:37:00,FPT,sell,53,73.14,4.390337358420274
TC001_47_8,C001,2023-09-08 13:22:00,NKG,sell,33,17.07,2.012661358246804
TC001_47_close,C001,2023-09-08 14:29:00,VGC,sell,53,47.85,11.264758306487044
TC001_48_0,C001,2023-09-11 10:13:00,NKG,buy,16,16.35,1.1759050691313875
TC001_48_1,C001,2023-09-11 09:45:00,FPT,buy,53,71.29,11.66925838316167
TC001_48_2,C001,2023-09-11 11:29:00,NKG,buy,18,17.71,1.1629127136815645
TC001_48_3,C001,2023-09-11 11:08:00,BCM,buy,61,67.82,11.125797346824235
TC001_48_4,C001,2023-09-11 10:50:00,DCM,buy,30,30.43,1.4401066507213804
TC001_48_5,C001,2023-09-11 14:25:00,FPT,sell,32,70.09,3.4669506770070733
TC001_48_6,C001,2023-09-11 14:01:00,NKG,sell,5,18.69,0.42805457775643596
TC001_48_9,C001,2023-09-11 14:20:00,DCM,sell,30,29.03,2.7089261428413605
TC001_48_close,C001,2023-09-11 14:39:00,BCM,sell,61,67.52,18.615588346753242
TC001_49_0,C001,2023-09-12 10:05:00,DCM,buy,78,30.79,7.389921458383865
TC001_49_1,C001,2023-09-12 10:56:00,NKG,buy,18,16.93,1.0753791124702925
TC001_49_close,C001,2023-09-12 14:38:00,DCM,sell,78,26.82,9.02684424713058
TC001_49_close,C001,2023-09-12 14:41:00,NKG,sell,18,19.11,1.0431564205823591
TC001_50_0,C001,2023-09-13 10:41:00,DCM,buy,37,30.61,3.7887062820201716
TC001_50_1,C001,2023-09-13 09:52:00,FPT,buy,59,71.73,12.664005149209535
TC001_50_2,C001,2023-09-13 09:25:00,NKG,buy,24,17.16,0.877761690381076
TC001_50_3,C001,2023-09-13 10:16:00,BCM,buy,11,67.82,2.189531401096358
TC001_50_4,C001,2023-09-13 11:29:00,BCM,buy,41,70.85,12.315018225842245
TC001_50_5,C001,2023-09-13 10:08:00,FPT,buy,50,70.77,8.363627286104604
TC001_50_9,C001,2023-09-13 13:18:00,DCM,sell,37,26.75,3.3963582314382728
TC001_50_10,C001,2023-09-13 13:59:00,FPT,sell,109,72.24,16.35201787406302
TC001_50_close,C001,2023-09-13 13:19:00,NKG,sell,24,14.83,0.6462082033194279
TC001_50_close,C001,2023-09-13 13:50:00,BCM,sell,52,71.52,13.345544480409988
TC001_51_0,C001,2023-09-14 11:27:00,NKG,buy,79,16.58,1.3832470802308345
TC001_51_1,C001,2023-09-14 09:46:00,DCM,buy,66,30.12,7.6336223122915925
TC001_51_2,C001,2023-09-14 10:12:00,BCM,buy,30,67.15,6.4820415759772025
TC001_51_3,C001,2023-09-14 13:11:00,BCM,sell,12,70.79,1.3941041072867384
TC001_51_4,C001,2023-09-14 14:04:00,NKG,sell,28,17.41,0.6802186061128549
TC001_51_close,C001,2023-09-14 13:33:00,DCM,sell,66,28.0,5.880478640306599
TC001_52_0,C001,2023-09-15 11:20:00,FPT,buy,72,74.13,25.888590509936453
TC001_52_1,C001,2023-09-15 11:05:00,DCM,buy,20,30.25,2.109741096997548
TC001_52_2,C001,2023-09-15 11:24:00,DCM,buy,15,27.92,1.407862163950105
TC001_52_3,C001,2023-09-15 11:02:00,BCM,buy,68,65.91,5.0942949274817035
TC001_52_4,C001,2023-09-15 11:04:00,NKG,buy,66,16.74,4.933309125137876
TC001_52_5,C001,2023-09-15 10:19:00,FPT,buy,65,71.36,7.6392507016941105
TC001_52_6,C001,2023-09-15 13:40:00,NKG,sell,45,19.07,1.4777491586500662
TC001_52_7,C001,2023-09-15 13:30:00,FPT,sell,137,72.01,21.918310184471157
TC001_52_9,C001,2023-09-15 13:20:00,DCM,sell,17,28.6,1.4685425153035792
TC001_52_close,C001,2023-09-15 14:57:00,BCM,sell,68,64.93,5.230339835748542
TC001_53_0,C001,2023-09-18 11:29:00,VGC,buy,20,46.19,1.1749403377127234
TC001_53_1,C001,2023-09-18 11:24:00,NKG,buy,57,16.77,2.2561248035409434
TC001_53_2,C001,2023-09-18 11:01:00,DCM,buy,63,30.21,6.080842075870927
TC001_53_3,C001,2023-09-18 11:21:00,DCM,buy,53,27.94,6.268807524548738
TC001_53_4,C001,2023-09-18 09:35:00,FPT,buy,80,70.92,11.834206682598577
TC001_53_5,C001,2023-09-18 14:19:00,VGC,sell,5,45.76,0.8626634647520939
TC001_53_6,C001,2023-09-18 14:48:00,FPT,sell,35,73.26,11.460680463609346
TC001_53_9,C001,2023-09-18 13:23:00,NKG,sell,36,15.11,2.4823475573166083
TC001_53_close,C001,2023-09-18 13:41:00,DCM,sell,116,27.21,8.1599577951738
TC001_54_0,C001,2023-09-19 11:15:00,VGC,buy,43,46.64,3.1044265493394936
TC001_54_1,C001,2023-09-19 10:00:00,FPT,buy,41,72.02,9.291762600018338
TC001_54_2,C001,2023-09-19 11:11:00,NKG,buy,56,17.67,2.119847714586453
TC001_54_3,C001,2023-09-19 13:28:00,NKG,sell,19,18.34,1.3966447007634368
TC001_54_close,C001,2023-09-19 13:05:00,VGC,sell,43,47.46,3.039346404452403
TC001_54_close,C001,2023-09-19 14:51:00,FPT,sell,41,68.94,3.09629944865774
TC001_55_0,C001,2023-09-20 09:24:00,NKG,buy,78,17.79,1.986992892093398
TC001_55_1,C001,2023-09-20 10:27:00,FPT,buy,65,75.23,18.70686604114717
TC001_55_2,C001,2023-09-20 09:33:00,FPT,buy,12,72.1,0.872947712456526
TC001_55_4,C001,2023-09-20 14:14:00,FPT,sell,30,70.49,8.268680157179904
TC001_55_6,C001,2023-09-20 13:54:00,NKG,sell,50,18.39,2.5138161473994174
TC001_56_0,C001,2023-09-21 11:01:00,VGC,buy,63,45.24,10.194674037373897
TC001_56_1,C001,2023-09-21 09:41:00,VGC,buy,33,47.55,5.3494829382522076
TC001_56_2,C001,2023-09-21 10:03:00,NKG,buy,79,17.44,5.205471266262845
TC001_56_3,C001,2023-09-21 11:18:00,FPT,buy,44,70.85,12.585337783751266
TC001_56_7,C001,2023-09-21 14:37:00,VGC,sell,96,50.13,7.11943824906438
TC001_56_close,C001,2023-09-21 14:19:00,NKG,sell,79,19.76,5.063159417990379
TC001_56_close,C001,2023-09-21 13:19:00,FPT,sell,44,68.95,7.316535845598961
TC001_57_0,C001,2023-09-22 10:48:00,DCM,buy,25,30.21,2.761576592855022
TC001_57_1,C001,2023-09-22 09:46:00,NKG,buy,42,16.23,1.9995388810345889
TC001_57_2,C001,2023-09-22 09:56:00,BCM,buy,53,69.0,10.633999031076103
TC001_57_3,C001,2023-09-22 09:27:00,BCM,buy,39,66.39,2.9084534614925897
TC001_57_4,C001,2023-09-22 11:27:00,NKG,buy,68,12.47,1.9637500613084742
TC001_57_5,C001,2023-09-22 09:53:00,FPT,buy,47,70.78,10.621343507955478
TC001_57_9,C001,2023-09-22 14:43:00,BCM,sell,18,68.44,5.4414175866767724
TC001_57_10,C001,2023-09-22 13:25:00,FPT,sell,16,74.18,4.9836565853322545
TC001_57_12,C001,2023-09-22 14:54:00,NKG,sell,110,14.36,2.331459318605669
TC001_57_close,C001,2023-09-22 13:10:00,DCM,sell,25,28.11,1.713935303985037
TC001_58_0,C001,2023-09-25 10:35:00,VGC,buy,46,42.48,5.0944432070194035
TC001_58_1,C001,2023-09-25 10:02:00,FPT,buy,70,69.02,8.004258040345023
TC001_58_2,C001,2023-09-25 10:35:00,BCM,buy,27,64.95,8.230090970121452
TC001_58_5,C001,2023-09-25 13:50:00,BCM,sell,7,61.11,1.2734404548299436
TC001_58_close,C001,2023-09-25 13:54:00,VGC,sell,46,43.86,4.20884952434436
TC001_58_close,C001,2023-09-25 13:22:00,FPT,sell,70,67.7,8.330320608769537
TC001_59_0,C001,2023-09-26 10:51:00,NKG,buy,68,14.67,2.484275389447623
TC001_59_1,C001,2023-09-26 10:37:00,DCM,buy,10,28.24,0.44656462370762134
TC001_59_2,C001,2023-09-26 11:05:00,DCM,buy,30,25.46,3.3196633904680883
TC001_59_3,C001,2023-09-26 10:58:00,VGC,buy,37,40.94,6.922332301785673
TC001_59_7,C001,2023-09-26 13:10:00,VGC,sell,22,38.68,3.6544127097142276
TC001_59_8,C001,2023-09-26 13:34:00,NKG,sell,68,11.1,1.065879565562056
TC001_59_close,C001,2023-09-26 14:35:00,DCM,sell,40,31.04,5.718076774116409
TC001_60_0,C001,2023-09-27 10:32:00,VGC,buy,31,43.38,3.6720863006624325
TC001_60_1,C001,2023-09-27 11:18:00,NKG,buy,21,15.83,0.7410754786927461
TC001_60_2,C001,2023-09-27 10:43:00,VGC,buy,57,43.29,11.753994754856999
TC001_60_3,C001,2023-09-27 10:04:00,DCM,buy,15,29.13,0.8491137645388972
TC001_60_4,C001,2023-09-27 09:49:00,BCM,buy,29,63.23,7.906242765920671
TC001_60_5,C001,2023-09-27 09:42:00,NKG,buy,67,15.37,3.1773563681919375
TC001_60_6,C001,2023-09-27 13:25:00,VGC,sell,37,43.91,8.096772078219201
TC001_60_8,C001,2023-09-27 13:47:00,DCM,sell,10,32.88,1.130104037765167
TC001_60_close,C001,2023-09-27 13:21:00,NKG,sell,88,19.0,2.5342848488788214
TC001_60_close,C001,2023-09-27 14:21:00,BCM,sell,29,66.94,9.097255062526735
TC001_61_0,C001,2023-09-28 11:22:00,FPT,buy,22,68.8,3.938027222196117
TC001_61_1,C001,2023-09-28 10:09:00,VGC,buy,30,43.47,4.791909143707344
TC001_61_close,C001,2023-09-28 13:37:00,FPT,sell,22,65.58,5.8459945356285585
TC001_61_close,C001,2023-09-28 13:40:00,VGC,sell,30,46.47,2.7159144187440143
TC001_62_0,C001,2023-09-29 11:15:00,VGC,buy,57,42.92,8.536724218169216
TC001_62_1,C001,2023-09-29 09:46:00,FPT,buy,54,67.92,6.34632273627239
TC001_62_close,C001,2023-09-29 13:31:00,VGC,sell,57,42.48,5.4983958255488
TC001_62_close,C001,2023-09-29 13:03:00,FPT,sell,54,66.74,12.02617632398904
TC001_63_0,C001,2023-10-02 11:00:00,BCM,buy,72,66.29,13.802213705451441
TC001_63_1,C001,2023-10-02 10:36:00,NKG,buy,25,12.63,1.1275103300758584
TC001_63_2,C001,2023-10-02 09:58:00,NKG,buy,20,15.49,1.3565725192274916
TC001_63_3,C001,2023-10-02 11:30:00,VGC,buy,44,43.56,1.9680788982176705
TC001_63_4,C001,2023-10-02 14:15:00,NKG,sell,17,19.05,1.538456170000384
TC001_63_5,C001,2023-10-02 13:26:00,VGC,sell,15,41.52,2.710478766941134
TC001_63_close,C001,2023-10-02 13:21:00,BCM,sell,72,70.07,23.87436604656358
TC001_64_0,C001,2023-10-03 10:41:00,NKG,buy,18,14.01,0.37602012485142217
TC001_64_1,C001,2023-10-03 11:08:00,VGC,buy,47,42.41,2.5643445637204456
TC001_64_2,C001,2023-10-03 09:30:00,BCM,buy,54,65.43,10.780566202215317
TC001_64_3,C001,2023-10-03 09:02:00,NKG,buy,59,14.44,3.2593598990248105
TC001_64_4,C001,2023-10-03 11:09:00,BCM,buy,50,63.2,4.813852366778091
TC001_64_5,C001,2023-10-03 09:22:00,NKG,buy,23,13.7,0.9919202220931561
TC001_64_9,C001,2023-10-03 13:29:00,BCM,sell,104,68.86,14.425456708497324
TC001_64_11,C001,2023-10-03 14:25:00,VGC,sell,47,39.63,2.1220348140755076
TC001_64_close,C001,2023-10-03 14:34:00,NKG,sell,100,14.9,1.9251434619211871
TC001_65_0,C001,2023-10-04 11:17:00,NKG,buy,80,14.94,5.07050295863037
TC001_65_1,C001,2023-10-04 10:59:00,FPT,buy,80,64.58,11.354629783404999
TC001_65_2,C001,2023-10-04 10:25:00,FPT,buy,74,67.7,13.330519624185865
TC001_65_3,C001,2023-10-04 11:17:00,NKG,buy,57,15.12,3.251636774007533
TC001_65_4,C001,2023-10-04 09:24:00,DCM,buy,39,31.37,3.070435690839494
TC001_65_5,C001,2023-10-04 10:23:00,DCM,buy,50,29.91,6.134421691488097
TC001_65_11,C001,2023-10-04 14:03:00,NKG,sell,53,18.14,2.001643917606847
TC001_65_close,C001,2023-10-04 14:48:00,FPT,sell,154,68.52,15.014462414262058
TC001_65_close,C001,2023-10-04 14:35:00,DCM,sell,89,33.23,11.148568675948187
TC001_66_0,C001,2023-10-05 10:48:00,DCM,buy,71,31.19,8.059543402124739
TC001_66_1,C001,2023-10-05 11:06:00,BCM,buy,78,68.28,14.744179194740887
TC001_66_2,C001,2023-10-05 09:33:00,BCM,buy,77,65.81,9.673642403086061
TC001_66_3,C001,2023-10-05 11:12:00,BCM,buy,44,63.03,12.053198508249636
TC001_66_close,C001,2023-10-05 14:31:00,DCM,sell,71,27.53,2.898946115647173
TC001_66_close,C001,2023-10-05 14:03:00,BCM,sell,199,62.9,57.45694067223016
TC001_67_0,C001,2023-10-06 11:18:00,DCM,buy,26,27.99,0.946971108385923
TC001_67_1,C001,2023-10-06 09:17:00,VGC,buy,14,47.17,0.6682734811708851
TC001_67_2,C001,2023-10-06 09:26:00,VGC,buy,16,50.99,2.3018087695235763
TC001_67_3,C001,2023-10-06 09:21:00,BCM,buy,68,66.39,17.68460253345846
TC001_67_4,C001,2023-10-06 09:50:00,DCM,buy,57,31.55,5.526358116151139
TC001_67_5,C001,2023-10-06 13:27:00,VGC,sell,14,48.31,1.286263526427662
TC001_67_10,C001,2023-10-06 14:22:00,DCM,sell,83,35.55,6.727737655310857
TC001_67_close,C001,2023-10-06 14:12:00,BCM,sell,68,67.85,22.106923034280936
TC001_68_0,C001,2023-10-09 10:01:00,VGC,buy,25,47.17,3.4535517454979483
TC001_68_1,C001,2023-10-09 10:44:00,BCM,buy,43,65.81,12.731839743228521
TC001_68_2,C001,2023-10-09 11:07:00,NKG,buy,28,15.53,0.7446375264925814
TC001_68_3,C001,2023-10-09 14:04:00,VGC,sell,25,47.48,5.642643397217047
TC001_68_5,C001,2023-10-09 14:32:00,NKG,sell,5,13.78,0.16121586805149513
TC001_68_close,C001,2023-10-09 14:27:00,BCM,sell,43,67.77,3.5859976359726202
TC001_69_0,C001,2023-10-10 10:52:00,BCM,buy,28,65.28,5.9685867222595075
TC001_69_1,C001,2023-10-10 09:37:00,BCM,buy,34,65.81,5.943129602984566
TC001_69_2,C001,2023-10-10 11:25:00,DCM,buy,22,32.63,3.364741051778685
TC001_69_3,C001,2023-10-10 11:11:00,BCM,buy,72,64.92,13.623485206872958
TC001_69_7,C001,2023-10-10 14:10:00,BCM,sell,51,65.48,13.360234705338394
TC001_69_close,C001,2023-10-10 13:14:00,DCM,sell,22,30.94,1.0392493940548588
TC001_70_0,C001,2023-10-11 11:02:00,BCM,buy,34,61.9,6.692452784997803
TC001_70_1,C001,2023-10-11 11:01:00,BCM,buy,57,65.24,12.292331460275554
TC001_70_2,C001,2023-10-11 11:25:00,BCM,buy,78,65.74,14.42753315780818
TC001_70_5,C001,2023-10-11 14:31:00,BCM,sell,107,62.67,13.077892274417813
TC001_71_0,C001,2023-10-12 09:13:00,BCM,buy,47,64.57,4.871021932018154
TC001_71_1,C001,2023-10-12 09:16:00,DCM,buy,41,32.58,2.926551511423244
TC001_71_2,C001,2023-10-12 09:43:00,NKG,buy,11,15.8,0.4346541590377098
TC001_71_3,C001,2023-10-12 09:03:00,VGC,buy,26,48.84,1.5625611042313186
TC001_71_4,C001,2023-10-12 11:16:00,VGC,buy,46,47.83,4.111911977495444
TC001_71_5,C001,2023-10-12 11:18:00,BCM,buy,68,61.33,14.223028566739112
TC001_71_6,C001,2023-10-12 09:37:00,BCM,buy,16,61.31,4.783198529053695
TC001_71_7,C001,2023-10-12 14:11:00,DCM,sell,25,34.84,1.3067997735901238
TC001_71_11,C001,2023-10-12 13:47:00,BCM,sell,17,67.7,4.184027477910087
TC001_71_close,C001,2023-10-12 14:08:00,NKG,sell,11,12.23,0.6511534156968324
TC001_71_close,C001,2023-10-12 13:21:00,VGC,sell,72,47.32,10.797764512130676
TC001_72_0,C001,2023-10-13 10:27:00,NKG,buy,23,16.0,0.6139877048605877
TC001_72_1,C001,2023-10-13 11:24:00,DCM,buy,71,33.84,9.243443842439795
TC001_72_2,C001,2023-10-13 10:13:00,BCM,buy,69,63.71,10.721373910303026
TC001_72_3,C001,2023-10-13 10:57:00,VGC,buy,56,49.95,7.138850471472943
TC001_72_4,C001,2023-10-13 10:18:00,DCM,buy,73,32.94,10.430894661195987
TC001_72_5,C001,2023-10-13 13:17:00,BCM,sell,69,65.27,13.031493535576779
TC001_72_7,C001,2023-10-13 13:27:00,DCM,sell,144,32.09,17.992635207603723
TC001_72_9,C001,2023-10-13 14:20:00,VGC,sell,56,53.47,11.511175542070506
TC001_72_close,C001,2023-10-13 13:04:00,NKG,sell,23,18.65,1.7788918361302666
TC001_73_0,C001,2023-10-16 11:24:00,NKG,buy,11,15.49,0.505375354561683
TC001_73_1,C001,2023-10-16 10:30:00,BCM,buy,27,62.76,6.025546944452161
TC001_73_2,C001,2023-10-16 09:26:00,FPT,buy,12,70.85,4.052699976425115
TC001_73_3,C001,2023-10-16 11:06:00,DCM,buy,67,33.21,5.917683223352587
TC001_73_4,C001,2023-10-16 10:00:00,VGC,buy,68,49.02,5.473361751004695
TC001_73_5,C001,2023-10-16 11:01:00,VGC,buy,24,49.85,1.2409033765217021
TC001_73_7,C001,2023-10-16 13:44:00,NKG,sell,5,18.57,0.2490320528062408
TC001_73_8,C001,2023-10-16 14:00:00,VGC,sell,92,47.61,13.786567343652218
TC001_73_9,C001,2023-10-16 14:28:00,BCM,sell,7,64.87,1.0862398036268648
TC001_73_close,C001,2023-10-16 14:00:00,FPT,sell,12,73.37,2.3680308988582803
TC001_73_close,C001,2023-10-16 13:40:00,DCM,sell,67,30.03,8.668054066412221
TC001_74_0,C001,2023-10-17 11:25:00,FPT,buy,54,65.11,14.675277537710835
TC001_74_1,C001,2023-10-17 09:59:00,DCM,buy,23,29.51,1.908561464388796
TC001_74_2,C001,2023-10-17 09:20:00,DCM,buy,72,30.93,7.989178053030025
TC001_74_3,C001,2023-10-17 09:43:00,FPT,buy,39,68.14,9.74169595581261
TC001_74_4,C001,2023-10-17 10:52:00,VGC,buy,53,45.65,3.385219502184564
TC001_74_10,C001,2023-10-17 13:45:00,FPT,sell,47,66.69,15.479592236378581
TC001_74_close,C001,2023-10-17 13:00:00,DCM,sell,95,33.7,11.190280400652375
TC001_74_close,C001,2023-10-17 14:41:00,VGC,sell,53,42.43,9.316984931638592
TC001_75_0,C001,2023-10-18 11:00:00,BCM,buy,27,59.98,7.450862565431485
TC001_75_1,C001,2023-10-18 11:18:00,FPT,buy,37,69.95,8.952015578962401
TC001_75_2,C001,2023-10-18 11:26:00,DCM,buy,16,29.76,2.2552506463982436
TC001_75_3,C001,2023-10-18 09:25:00,FPT,buy,17,68.07,1.3149681189366
TC001_75_4,C001,2023-10-18 14:38:00,FPT,sell,16,69.82,2.5347855796975356
TC001_75_8,C001,2023-10-18 14:26:00,BCM,sell,11,62.57,1.8158661044776754
TC001_75_close,C001,2023-10-18 13:02:00,DCM,sell,16,31.28,1.4344490514723087
TC001_76_0,C001,2023-10-19 11:23:00,FPT,buy,58,67.34,15.862801817866504
TC001_76_1,C001,2023-10-19 11:02:00,DCM,buy,24,29.13,3.4337041635321914
TC001_76_close,C001,2023-10-19 14:47:00,FPT,sell,58,66.34,5.435960407929968
TC001_76_close,C001,2023-10-19 13:40:00,DCM,sell,24,31.32,1.0264285121155738
TC001_77_0,C001,2023-10-20 10:17:00,FPT,buy,15,68.0,4.590350927774519
TC001_77_1,C001,2023-10-20 09:32:00,BCM,buy,72,61.7,18.712781657312267
TC001_77_2,C001,2023-10-20 11:19:00,BCM,buy,32,64.93,8.252502149635692
TC001_77_3,C001,2023-10-20 11:08:00,VGC,buy,18,42.36,3.7179174510984394
TC001_77_4,C001,2023-10-20 11:10:00,NKG,buy,41,14.32,2.6998906599917474
TC001_77_5,C001,2023-10-20 10:17:00,BCM,buy,33,58.69,6.831453822122193
TC001_77_6,C001,2023-10-20 09:58:00,VGC,buy,55,46.25,4.395177325852115
TC001_77_7,C001,2023-10-20 13:33:00,NKG,sell,13,17.16,0.7884800054212628
TC001_77_8,C001,2023-10-20 13:21:00,VGC,sell,49,48.79,7.191884719921105
TC001_77_12,C001,2023-10-20 13:02:00,BCM,sell,77,63.95,23.671936154188153
TC001_77_13,C001,2023-10-20 14:06:00,FPT,sell,2,64.86,0.4535671493482053
TC001_78_0,C001,2023-10-23 10:44:00,VGC,buy,39,45.74,3.5073434240971952
TC001_78_1,C001,2023-10-23 11:09:00,NKG,buy,40,14.4,2.803761763435804
TC001_78_2,C001,2023-10-23 11:25:00,DCM,buy,23,29.36,2.0658150455210023
TC001_78_3,C001,2023-10-23 11:13:00,FPT,buy,47,69.68,6.336600372515515
TC001_78_4,C001,2023-10-23 11:08:00,BCM,buy,62,60.75,6.067021097121038
TC001_78_5,C001,2023-10-23 09:41:00,FPT,buy,44,66.61,5.675550567793549
TC001_78_7,C001,2023-10-23 14:27:00,BCM,sell,62,61.48,7.013999784583949
TC001_78_9,C001,2023-10-23 14:55:00,FPT,sell,91,68.37,10.899889729055307
TC001_78_10,C001,2023-10-23 14:53:00,VGC,sell,19,42.37,3.4247212659763377
TC001_78_close,C001,2023-10-23 14:19:00,NKG,sell,40,16.41,1.6760489689364924
TC001_78_close,C001,2023-10-23 14:02:00,DCM,sell,23,28.86,0.6979193406333186
TC001_79_0,C001,2023-10-24 11:23:00,BCM,buy,44,60.56,4.938317290458257
TC001_79_1,C001,2023-10-24 10:12:00,DCM,buy,14,28.42,1.9597701155230214
TC001_79_2,C001,2023-10-24 09:06:00,VGC,buy,78,46.8,3.8528455243300814
TC001_79_4,C001,2023-10-24 14:12:00,VGC,sell,13,49.77,1.0966548300151044
TC001_79_close,C001,2023-10-24 14:08:00,BCM,sell,44,62.82,11.731484843660082
TC001_79_close,C001,2023-10-24 13:06:00,DCM,sell,14,28.31,1.5879805128541253
TC001_80_0,C001,2023-10-25 09:26:00,NKG,buy,58,14.48,3.233485753466187
TC001_80_1,C001,2023-10-25 09:19:00,FPT,buy,13,66.53,2.4895141623693338
TC001_80_2,C001,2023-10-25 13:40:00,FPT,sell,6,69.0,1.7878359308050624
TC001_80_close,C001,2023-10-25 13:58:00,NKG,sell,58,11.53,2.4303885379046983
TC001_81_0,C001,2023-10-26 11:07:00,FPT,buy,69,59.6,8.691275614166376
TC001_81_1,C001,2023-10-26 09:50:00,FPT,buy,20,63.53,4.015997717929711
TC001_81_2,C001,2023-10-26 10:38:00,FPT,buy,46,61.72,8.508450642759712
TC001_81_3,C001,2023-10-26 10:06:00,DCM,buy,65,25.01,6.2170131836338
TC001_81_4,C001,2023-10-26 09:40:00,NKG,buy,74,13.47,1.0542708222671127
TC001_81_5,C001,2023-10-26 10:12:00,BCM,buy,53,56.93,4.8148815695596054
TC001_81_6,C001,2023-10-26 11:07:00,DCM,buy,61,23.19,3.8841229069608336
TC001_81_8,C001,2023-10-26 13:56:00,FPT,sell,62,64.12,10.12540486174017
TC001_81_9,C001,2023-10-26 13:35:00,BCM,sell,53,56.21,8.713895539800692
TC001_81_close,C001,2023-10-26 13:42:00,DCM,sell,126,24.87,3.154526096693515
TC001_81_close,C001,2023-10-26 14:34:00,NKG,sell,74,15.77,3.9450356792300023
TC001_82_0,C001,2023-10-27 10:43:00,BCM,buy,80,56.36,10.791055849347474
TC001_82_1,C001,2023-10-27 10:18:00,DCM,buy,13,23.4,1.3287217336867498
TC001_82_2,C001,2023-10-27 11:04:00,FPT,buy,20,63.68,3.7471047546341025
TC001_82_3,C001,2023-10-27 10:03:00,VGC,buy,72,45.23,12.026610180243141
TC001_82_4,C001,2023-10-27 09:40:00,DCM,buy,74,25.55,8.414007827783905
TC001_82_5,C001,2023-10-27 10:13:00,NKG,buy,19,14.01,0.40203276512103747
TC001_82_6,C001,2023-10-27 13:40:00,DCM,sell,40,24.22,2.4293405565625505
TC001_82_8,C001,2023-10-27 14:49:00,FPT,sell,20,67.37,3.1691170642593187
TC001_82_9,C001,2023-10-27 13:41:00,VGC,sell,72,45.73,15.167601817924824
TC001_82_10,C001,2023-10-27 14:05:00,BCM,sell,45,52.84,9.94888698078621
TC001_82_11,C001,2023-10-27 14:14:00,NKG,sell,5,12.59,0.24619069240769198
TC001_83_0,C001,2023-10-30 09:31:00,FPT,buy,57,62.22,9.999034754014469
TC001_83_1,C001,2023-10-30 11:04:00,BCM,buy,45,56.83,5.485571885971225
TC001_83_2,C001,2023-10-30 09:35:00,FPT,buy,67,62.79,17.16852754577407
TC001_83_3,C001,2023-10-30 09:14:00,NKG,buy,44,14.01,0.6610787609716402
TC001_83_4,C001,2023-10-30 11:04:00,VGC,buy,64,42.08,6.504395844670054
TC001_83_5,C001,2023-10-30 11:30:00,DCM,buy,78,24.2,6.461917198208559
TC001_83_6,C001,2023-10-30 11:14:00,VGC,buy,15,40.07,2.7905361777091526
TC001_83_7,C001,2023-10-30 14:09:00,NKG,sell,14,14.28,0.2219236615248833
TC001_83_8,C001,2023-10-30 13:48:00,VGC,sell,15,38.99,1.316292242859859
TC001_83_10,C001,2023-10-30 13:10:00,BCM,sell,18,55.84,3.177909156119117
TC001_83_close,C001,2023-10-30 14:10:00,FPT,sell,124,61.37,12.08957834912297
TC001_83_close,C001,2023-10-30 13:38:00,DCM,sell,78,26.44,8.28115835824328
TC001_84_0,C001,2023-10-31 11:09:00,VGC,buy,14,40.66,1.038886595123211
TC001_84_1,C001,2023-10-31 09:39:00,BCM,buy,54,55.97,12.546678206521587
TC001_84_2,C001,2023-10-31 09:49:00,DCM,buy,31,24.2,0.8644811747837425
TC001_84_3,C001,2023-10-31 11:18:00,FPT,buy,59,58.85,11.870601380187017
TC001_84_4,C001,2023-10-31 09:35:00,NKG,buy,35,13.62,0.5548683425594794
TC001_84_5,C001,2023-10-31 09:32:00,VGC,buy,69,39.17,2.7514389420049477
TC001_84_6,C001,2023-10-31 10:04:00,FPT,buy,43,60.75,6.075186803024798
TC001_84_7,C001,2023-10-31 13:35:00,BCM,sell,10,55.1,0.7441515884293584
TC001_84_9,C001,2023-10-31 13:18:00,VGC,sell,29,41.65,2.8468712560278764
TC001_84_13,C001,2023-10-31 14:55:00,DCM,sell,21,24.19,1.318040413538132
TC001_84_close,C001,2023-10-31 14:58:00,FPT,sell,102,61.86,8.708953381504175
TC001_84_close,C001,2023-10-31 13:32:00,NKG,sell,35,15.93,1.9009318668250832
TC001_85_0,C001,2023-11-01 09:22:00,FPT,buy,33,62.51,7.433805458931678
TC001_85_1,C001,2023-11-01 10:43:00,NKG,buy,40,10.45,1.0697743006004292
TC001_85_2,C001,2023-11-01 09:42:00,NKG,buy,10,13.93,0.33659183253672514
TC001_85_3,C001,2023-11-01 10:05:00,NKG,buy,30,13.54,0.9668400125416711
TC001_85_close,C001,2023-11-01 14:59:00,FPT,sell,33,61.17,8.719579836175916
TC001_85_close,C001,2023-11-01 13:49:00,NKG,sell,80,12.82,4.247433329712189
TC001_86_0,C001,2023-11-02 10:21:00,NKG,buy,39,14.87,1.8117039864011883
TC001_86_1,C001,2023-11-02 09:24:00,FPT,buy,20,65.14,2.183034586565045
TC001_86_2,C001,2023-11-02 09:31:00,FPT,buy,23,67.05,3.881309371697111
TC001_86_3,C001,2023-11-02 11:28:00,DCM,buy,35,26.76,4.245391538670028
TC001_86_4,C001,2023-11-02 10:26:00,FPT,buy,13,63.47,3.746825894250715
TC001_86_5,C001,2023-11-02 10:46:00,VGC,buy,30,43.29,2.9760854563339985
TC001_86_6,C001,2023-11-02 10:49:00,VGC,buy,67,44.61,8.925551624468095
TC001_86_9,C001,2023-11-02 14:49:00,NKG,sell,39,18.84,1.5068220960961578
TC001_86_10,C001,2023-11-02 14:38:00,FPT,sell,29,65.38,8.127137214862858
TC001_86_12,C001,2023-11-02 13:49:00,VGC,sell,97,41.59,7.455849122833057
TC001_86_close,C001,2023-11-02 13:20:00,DCM,sell,35,28.95,4.023918125840004
TC001_87_0,C001,2023-11-03 11:02:00,FPT,buy,43,65.97,5.015530540351955
TC001_87_1,C001,2023-11-03 11:25:00,FPT,buy,10,66.79,2.261080464260005
TC001_87_2,C001,2023-11-03 10:03:00,FPT,buy,51,63.68,5.33040256834301
TC001_87_3,C001,2023-11-03 10:58:00,FPT,buy,27,62.32,2.228066320183073
TC001_87_close,C001,2023-11-03 13:07:00,FPT,sell,131,62.87,19.278796030208934
TC001_88_0,C001,2023-11-06 11:03:00,BCM,buy,58,56.74,13.012835464329255
TC001_88_1,C001,2023-11-06 09:53:00,NKG,buy,68,15.18,4.552483157588724
TC001_88_2,C001,2023-11-06 10:05:00,DCM,buy,63,26.22,8.13998374717878
TC001_88_3,C001,2023-11-06 10:56:00,DCM,buy,41,24.29,3.2975070730248546
TC001_88_4,C001,2023-11-06 10:29:00,FPT,buy,15,64.78,1.6978253704335167
TC001_88_5,C001,2023-11-06 13:52:00,BCM,sell,28,53.98,2.669686111504314
TC001_88_6,C001,2023-11-06 13:47:00,DCM,sell,38,29.02,5.000877475487621
TC001_88_7,C001,2023-11-06 14:57:00,FPT,sell,5,67.76,1.6182247006310255
TC001_88_close,C001,2023-11-06 13:29:00,NKG,sell,68,13.47,3.057510398145293
TC001_89_0,C001,2023-11-07 09:34:00,VGC,buy,26,43.56,2.157808753775161
TC001_89_1,C001,2023-11-07 10:06:00,FPT,buy,48,62.64,11.479569223390863
TC001_89_2,C001,2023-11-07 11:13:00,NKG,buy,25,13.3,1.6187405705267566
TC001_89_3,C001,2023-11-07 09:03:00,NKG,buy,32,15.02,0.7778762290700747
TC001_89_4,C001,2023-11-07 10:41:00,NKG,buy,20,17.24,1.3640728951621865
TC001_89_5,C001,2023-11-07 10:05:00,FPT,buy,25,64.63,5.059784939527634
TC001_89_7,C001,2023-11-07 14:28:00,NKG,sell,20,15.66,1.2492411382008923
TC001_89_10,C001,2023-11-07 14:59:00,FPT,sell,20,61.65,1.6853191828627365
TC001_89_12,C001,2023-11-07 14:55:00,VGC,sell,5,42.94,1.070538714035551
TC001_90_0,C001,2023-11-08 09:32:00,VGC,buy,54,44.32,11.047563632670826
TC001_90_1,C001,2023-11-08 09:03:00,NKG,buy,42,16.07,2.700278675507718
TC001_90_2,C001,2023-11-08 09:13:00,VGC,buy,74,46.06,6.398995885369182
TC001_90_close,C001,2023-11-08 13:24:00,VGC,sell,128,42.95,26.513382422404526
TC001_90_close,C001,2023-11-08 13:10:00,NKG,sell,42,19.66,3.3043739242616597
TC001_91_0,C001,2023-11-09 09:11:00,DCM,buy,63,26.78,1.6895520182397152
TC001_91_1,C001,2023-11-09 09:35:00,NKG,buy,58,16.15,2.2903778190787563
TC001_91_2,C001,2023-11-09 10:13:00,VGC,buy,51,46.25,4.027643208551459
TC001_91_3,C001,2023-11-09 09:04:00,DCM,buy,23,28.01,2.4092559699539433
TC001_91_4,C001,2023-11-09 10:18:00,VGC,buy,20,49.71,2.5771032743965065
TC001_91_5,C001,2023-11-09 10:02:00,DCM,buy,67,28.68,6.836375511362561
TC001_91_8,C001,2023-11-09 13:34:00,NKG,sell,26,18.14,1.63660260200478
TC001_91_close,C001,2023-11-09 13:23:00,DCM,sell,153,28.68,21.701622474163553
TC001_91_close,C001,2023-11-09 13:04:00,VGC,sell,71,45.43,14.098017077074351
TC001_92_0,C001,2023-11-10 10:17:00,VGC,buy,47,46.43,2.301493780972678
TC001_92_1,C001,2023-11-10 09:07:00,NKG,buy,67,18.57,2.472476463107179
TC001_92_2,C001,2023-11-10 09:24:00,DCM,buy,47,27.52,3.5891035635438273
TC001_92_3,C001,2023-11-10 11:25:00,VGC,buy,15,43.37,2.588707097073512
TC001_92_4,C001,2023-11-10 09:03:00,NKG,buy,76,15.96,2.132824535450189
TC001_92_8,C001,2023-11-10 13:33:00,NKG,sell,75,16.64,4.288618870706923
TC001_92_close,C001,2023-11-10 14:34:00,VGC,sell,62,49.16,13.337468049676676
TC001_92_close,C001,2023-11-10 14:06:00,DCM,sell,47,28.78,2.3200769143723705
TC001_93_0,C001,2023-11-13 09:30:00,NKG,buy,44,16.74,2.849988707274031
TC001_93_1,C001,2023-11-13 10:18:00,NKG,buy,32,20.15,0.9668164812873283
TC001_93_2,C001,2023-11-13 10:49:00,FPT,buy,75,66.9,18.47275078488104
TC001_93_3,C001,2023-11-13 13:58:00,FPT,sell,9,69.93,1.8921254426215488
TC001_93_close,C001,2023-11-13 14:15:00,NKG,sell,76,19.34,2.9937486444222565
TC001_94_0,C001,2023-11-14 09:55:00,DCM,buy,46,24.87,4.509090678526278
TC001_94_1,C001,2023-11-14 09:05:00,VGC,buy,38,46.8,6.231491292376424
TC001_94_2,C001,2023-11-14 09:00:00,DCM,buy,66,28.01,4.15834386843488
TC001_94_3,C001,2023-11-14 14:34:00,VGC,sell,38,43.65,6.046181278966919
TC001_94_5,C001,2023-11-14 13:57:00,DCM,sell,42,29.83,5.793393092369957
TC001_95_0,C001,2023-11-15 10:12:00,NKG,buy,48,16.7,2.0155427107626327
TC001_95_1,C001,2023-11-15 10:34:00,VGC,buy,49,46.52,3.7386107180357513
TC001_95_2,C001,2023-11-15 11:24:00,BCM,buy,65,59.22,10.724821512448756
TC001_95_4,C001,2023-11-15 14:58:00,NKG,sell,26,20.55,0.709222042945757
TC001_95_close,C001,2023-11-15 13:14:00,VGC,sell,49,48.82,5.419108636845619
TC001_95_close,C001,2023-11-15 13:51:00,BCM,sell,65,62.8,14.059456769465017
TC001_96_0,C001,2023-11-16 11:22:00,VGC,buy,19,47.63,3.737856328113877
TC001_96_1,C001,2023-11-16 09:46:00,BCM,buy,52,59.6,15.436501800897803
TC001_96_2,C001,2023-11-16 10:46:00,BCM,buy,70,62.7,5.221446554807762
TC001_96_3,C001,2023-11-16 09:47:00,NKG,buy,68,18.26,2.5363911626197173
TC001_96_4,C001,2023-11-16 10:57:00,BCM,buy,57,62.9,10.018579678572888
TC001_96_5,C001,2023-11-16 09:02:00,NKG,buy,44,16.81,2.7453259495908386
TC001_96_6,C001,2023-11-16 13:48:00,BCM,sell,96,56.77,8.219343755887648
TC001_96_8,C001,2023-11-16 14:51:00,NKG,sell,112,16.12,2.242550582297602
TC001_96_close,C001,2023-11-16 13:12:00,VGC,sell,19,50.98,1.434646623230957
TC001_97_0,C001,2023-11-17 10:18:00,NKG,buy,38,17.01,1.5256340002246502
TC001_97_1,C001,2023-11-17 10:27:00,BCM,buy,72,58.65,11.84933218700153
TC001_97_2,C001,2023-11-17 11:28:00,DCM,buy,15,27.83,1.643792315356417
TC001_97_3,C001,2023-11-17 13:22:00,NKG,sell,10,17.85,0.1993008267491445
TC001_97_5,C001,2023-11-17 14:04:00,DCM,sell,1,31.16,0.044047619551574296
TC001_97_close,C001,2023-11-17 13:13:00,BCM,sell,72,59.31,9.082501359137616
TC001_98_0,C001,2023-11-20 10:52:00,VGC,buy,19,48.18,1.089211845612889
TC001_98_1,C001,2023-11-20 09:17:00,NKG,buy,73,17.28,3.496333646392357
TC001_98_2,C001,2023-11-20 10:09:00,VGC,buy,58,48.74,6.688866200689416
TC001_98_3,C001,2023-11-20 11:26:00,DCM,buy,78,27.92,3.8036654423381955
TC001_98_4,C001,2023-11-20 09:14:00,FPT,buy,29,66.39,3.4919348717730987
TC001_98_5,C001,2023-11-20 13:59:00,VGC,sell,13,50.39,2.823360981658183
TC001_98_7,C001,2023-11-20 14:38:00,NKG,sell,23,19.93,1.4154509674137163
TC001_98_9,C001,2023-11-20 13:29:00,DCM,sell,78,28.07,10.143695720118291
TC001_98_10,C001,2023-11-20 13:52:00,FPT,sell,3,64.45,0.7819718708226983
TC001_99_0,C001,2023-11-21 09:09:00,FPT,buy,37,67.27,3.5558730058626047
TC001_99_1,C001,2023-11-21 09:26:00,FPT,buy,68,66.25,17.184993078957838
TC001_99_2,C001,2023-11-21 09:23:00,VGC,buy,38,48.37,7.566004209735108
TC001_99_3,C001,2023-11-21 10:26:00,FPT,buy,38,69.68,7.380618780118712
TC001_99_6,C001,2023-11-21 14:02:00,VGC,sell,16,46.4,2.696630914864468
TC001_99_7,C001,2023-11-21 13:36:00,FPT,sell,64,70.6,20.913987729939187
TC001_100_0,C001,2023-11-22 11:04:00,VGC,buy,34,50.49,4.863371624802597
TC001_100_1,C001,2023-11-22 10:07:00,DCM,buy,15,29.09,1.7006718003110755
TC001_100_2,C001,2023-11-22 10:44:00,FPT,buy,45,68.07,6.417607968374334
TC001_100_3,C001,2023-11-22 10:47:00,VGC,buy,34,49.3,7.401439978120693
TC001_100_5,C001,2023-11-22 13:48:00,DCM,sell,2,27.45,0.1937761944897466
TC001_100_close,C001,2023-11-22 13:04:00,VGC,sell,68,52.11,8.743572493101532
TC001_100_close,C001,2023-11-22 13:00:00,FPT,sell,45,69.03,11.761407985411374
TC001_101_0,C001,2023-11-23 11:19:00,BCM,buy,63,52.79,13.967296746694034
TC001_101_1,C001,2023-11-23 09:55:00,NKG,buy,23,16.46,0.6246238528746129
TC001_101_2,C001,2023-11-23 09:38:00,FPT,buy,14,66.46,3.8437723268131436
TC001_101_3,C001,2023-11-23 09:26:00,BCM,buy,40,56.26,11.002178984768983
TC001_101_4,C001,2023-11-23 10:15:00,FPT,buy,31,65.5,3.930155146378664
TC001_101_5,C001,2023-11-23 09:50:00,BCM,buy,33,59.13,5.612076952831743
TC001_101_9,C001,2023-11-23 14:24:00,NKG,sell,12,12.66,0.6107300136761522
TC001_101_11,C001,2023-11-23 13:52:00,FPT,sell,45,64.73,10.026332853680335
TC001_101_close,C001,2023-11-23 13:38:00,BCM,sell,136,54.5,25.444608581963355
TC001_102_0,C001,2023-11-24 10:28:00,VGC,buy,67,48.1,5.228848284552403
TC001_102_1,C001,2023-11-24 09:07:00,FPT,buy,79,66.75,22.27400718452291
TC001_102_2,C001,2023-11-24 10:17:00,FPT,buy,47,69.08,6.667512808729374
TC001_102_3,C001,2023-11-24 13:30:00,FPT,sell,60,66.67,13.460231370449518
TC001_102_close,C001,2023-11-24 14:02:00,VGC,sell,67,46.61,4.853618771562488
TC001_103_0,C001,2023-11-27 11:03:00,VGC,buy,13,48.19,0.6432599049972445
TC001_103_1,C001,2023-11-27 10:54:00,NKG,buy,23,16.97,1.5757409790687498
TC001_103_close,C001,2023-11-27 14:00:00,VGC,sell,13,44.32,1.224979851977999
TC001_103_close,C001,2023-11-27 14:10:00,NKG,sell,23,13.73,1.5458356140383338
TC001_104_0,C001,2023-11-28 11:19:00,VGC,buy,67,49.14,6.222151792744065
TC001_104_1,C001,2023-11-28 11:12:00,BCM,buy,75,55.9,6.76507790077102
TC001_104_2,C001,2023-11-28 11:18:00,BCM,buy,72,60.43,14.767929351105366
TC001_104_3,C001,2023-11-28 10:16:00,BCM,buy,31,56.64,4.3483524362583985
TC001_104_4,C001,2023-11-28 09:34:00,DCM,buy,39,27.97,1.3730916417029446
TC001_104_5,C001,2023-11-28 10:15:00,VGC,buy,29,48.19,4.014470153623733
TC001_104_6,C001,2023-11-28 10:29:00,NKG,buy,44,17.75,2.9212726367269277
TC001_104_8,C001,2023-11-28 14:33:00,NKG,sell,7,14.67,0.16295052581151181
TC001_104_9,C001,2023-11-28 14:24:00,VGC,sell,96,45.3,10.555804296435335
TC001_104_11,C001,2023-11-28 14:33:00,BCM,sell,88,57.28,23.440679253028197
TC001_104_close,C001,2023-11-28 14:38:00,DCM,sell,39,24.47,3.8459587622677676
TC001_105_0,C001,2023-11-29 11:01:00,FPT,buy,50,66.89,14.946078498696444
TC001_105_1,C001,2023-11-29 11:22:00,FPT,buy,29,70.28,4.231426592904365
TC001_105_2,C001,2023-11-29 11:30:00,DCM,buy,32,28.28,3.4631021604982593
TC001_105_3,C001,2023-11-29 10:19:00,FPT,buy,52,67.12,5.633823818791369
TC001_105_4,C001,2023-11-29 09:09:00,BCM,buy,62,56.35,17.462693375388092
TC001_105_5,C001,2023-11-29 09:42:00,VGC,buy,61,48.84,8.741117548655856
TC001_105_6,C001,2023-11-29 13:32:00,BCM,sell,40,54.73,9.87353038104413
TC001_105_7,C001,2023-11-29 14:47:00,DCM,sell,13,25.73,1.0342157326391657
TC001_105_8,C001,2023-11-29 13:36:00,FPT,sell,33,70.51,6.910617121686138
TC001_105_close,C001,2023-11-29 14:54:00,VGC,sell,61,50.94,4.371413222320103
TC001_106_0,C001,2023-11-30 11:09:00,FPT,buy,11,68.05,2.432966932270048
TC001_106_1,C001,2023-11-30 11:03:00,VGC,buy,73,50.41,5.733788290618637
TC001_106_2,C001,2023-11-30 09:23:00,FPT,buy,45,67.27,12.052157174555541
TC001_106_3,C001,2023-11-30 11:03:00,VGC,buy,61,49.14,11.560434837610034
TC001_106_4,C001,2023-11-30 10:43:00,DCM,buy,68,28.68,9.534253358019543
TC001_106_5,C001,2023-11-30 14:31:00,FPT,sell,56,65.96,12.202848852214059
TC001_106_7,C001,2023-11-30 14:51:00,VGC,sell,19,52.01,1.7111614198417746
TC001_106_close,C001,2023-11-30 13:48:00,DCM,sell,68,30.53,6.812135627927988
TC001_107_0,C001,2023-12-01 11:12:00,NKG,buy,80,17.82,3.7749625800507656
TC001_107_1,C001,2023-12-01 10:15:00,VGC,buy,71,51.06,14.31581530484648
TC001_107_2,C001,2023-12-01 11:21:00,BCM,buy,44,56.35,9.892304170793787
TC001_107_3,C001,2023-12-01 10:25:00,DCM,buy,70,28.68,3.6776522758629975
TC001_107_4,C001,2023-12-01 10:51:00,FPT,buy,76,67.63,21.908033720503514
TC001_107_5,C001,2023-12-01 11:02:00,DCM,buy,42,31.25,5.630849730980604
TC001_107_6,C001,2023-12-01 13:07:00,NKG,sell,17,16.88,1.1526394669420954
TC001_107_7,C001,2023-12-01 14:05:00,DCM,sell,46,27.23,3.0113912764956
TC001_107_8,C001,2023-12-01 14:43:00,BCM,sell,23,57.33,3.065887303287799
TC001_107_9,C001,2023-12-01 13:08:00,VGC,sell,71,52.59,8.600656590664927
TC001_107_11,C001,2023-12-01 14:01:00,FPT,sell,76,65.8,20.489666766299468
TC001_108_0,C001,2023-12-04 10:04:00,FPT,buy,76,68.51,20.804731735240747
TC001_108_1,C001,2023-12-04 09:28:00,DCM,buy,23,29.76,3.2074001323704904
TC001_108_3,C001,2023-12-04 14:06:00,DCM,sell,14,33.58,1.0853510797670896
TC001_108_close,C001,2023-12-04 13:07:00,FPT,sell,76,66.2,10.261058529731717
TC001_109_0,C001,2023-12-05 09:27:00,FPT,buy,60,69.39,4.905699970515953
TC001_109_1,C001,2023-12-05 09:47:00,NKG,buy,21,18.33,1.5689820094458886
TC001_109_2,C001,2023-12-05 09:52:00,FPT,buy,49,67.44,5.60895377772551
TC001_109_3,C001,2023-12-05 09:51:00,FPT,buy,53,67.61,13.587654621579949
TC001_109_4,C001,2023-12-05 13:09:00,FPT,sell,108,70.18,23.63296574760232
TC001_109_close,C001,2023-12-05 14:42:00,NKG,sell,21,15.92,0.9944912909873683
TC001_110_0,C001,2023-12-06 09:23:00,BCM,buy,61,63.9,8.056385345644133
TC001_110_1,C001,2023-12-06 10:06:00,BCM,buy,29,66.0,9.09623060432749
TC001_110_2,C001,2023-12-06 09:31:00,NKG,buy,80,18.45,5.461022615730245
TC001_110_3,C001,2023-12-06 11:22:00,BCM,buy,26,64.67,6.067053893502476
TC001_110_7,C001,2023-12-06 14:35:00,BCM,sell,57,63.87,15.046760972979717
TC001_110_close,C001,2023-12-06 14:29:00,NKG,sell,80,21.07,6.154201317753136
TC001_111_0,C001,2023-12-07 09:30:00,NKG,buy,27,18.14,1.9455351475032667
TC001_111_1,C001,2023-12-07 10:29:00,DCM,buy,15,29.18,0.6313822145499536
TC001_111_3,C001,2023-12-07 14:50:00,DCM,sell,5,31.5,0.23629308171714328
TC001_111_close,C001,2023-12-07 14:01:00,NKG,sell,27,14.33,0.4871787353006591
TC001_112_0,C001,2023-12-08 10:34:00,FPT,buy,51,68.95,13.497787605512318
TC001_112_1,C001,2023-12-08 11:06:00,NKG,buy,14,18.14,0.6804452511835833
TC001_112_3,C001,2023-12-08 13:40:00,FPT,sell,18,70.72,1.9875541558651426
TC001_112_4,C001,2023-12-08 13:41:00,NKG,sell,14,14.53,0.23301925834881498
TC001_113_0,C001,2023-12-11 09:11:00,DCM,buy,37,29.09,4.23895339701728
TC001_113_1,C001,2023-12-11 11:08:00,VGC,buy,36,51.06,2.5938171166069184
TC001_113_3,C001,2023-12-11 13:33:00,DCM,sell,12,28.77,1.0064207609889633
TC001_113_close,C001,2023-12-11 14:03:00,VGC,sell,36,49.62,3.837721977570419
TC001_114_0,C001,2023-12-12 10:26:00,BCM,buy,69,62.35,4.969575477254056
TC001_114_1,C001,2023-12-12 10:47:00,FPT,buy,29,69.14,7.372249955758798
TC001_114_2,C001,2023-12-12 11:11:00,FPT,buy,59,68.24,16.18643060920543
TC001_114_3,C001,2023-12-12 10:13:00,FPT,buy,45,71.22,5.695225392539482
TC001_114_4,C001,2023-12-12 09:34:00,NKG,buy,27,18.18,2.2964697651866
TC001_114_5,C001,2023-12-12 10:50:00,BCM,buy,47,58.42,10.105303959361814
TC001_114_6,C001,2023-12-12 09:26:00,FPT,buy,36,70.85,12.399671153872253
TC001_114_9,C001,2023-12-12 14:49:00,FPT,sell,97,68.53,31.25222436124053
TC001_114_12,C001,2023-12-12 13:41:00,BCM,sell,72,66.21,21.72844887919068
TC001_114_close,C001,2023-12-12 13:35:00,NKG,sell,27,20.29,0.673840340644679
TC001_115_0,C001,2023-12-13 10:58:00,VGC,buy,28,49.85,3.088656898684978
TC001_115_1,C001,2023-12-13 11:14:00,NKG,buy,53,15.98,0.8714428645697092
TC001_115_2,C001,2023-12-13 09:50:00,NKG,buy,27,17.67,0.7822201355211351
TC001_115_5,C001,2023-12-13 13:24:00,VGC,sell,4,48.44,0.6644153644501091
TC001_115_close,C001,2023-12-13 14:57:00,NKG,sell,80,15.48,2.810102831125718
TC001_116_0,C001,2023-12-14 10:39:00,FPT,buy,25,71.35,4.342702400452635
TC001_116_1,C001,2023-12-14 11:18:00,DCM,buy,38,28.69,1.27536891473329
TC001_116_2,C001,2023-12-14 09:15:00,VGC,buy,20,49.48,3.751196870465133
TC001_116_3,C001,2023-12-14 10:11:00,DCM,buy,50,28.59,5.096426168292721
TC001_116_4,C001,2023-12-14 10:30:00,FPT,buy,63,70.41,5.8488836729824145
TC001_116_5,C001,2023-12-14 11:10:00,FPT,buy,80,72.1,20.15887611387563
TC001_116_8,C001,2023-12-14 14:32:00,FPT,sell,168,74.0,52.91053773109098
TC001_116_10,C001,2023-12-14 14:14:00,VGC,sell,9,51.39,1.9855106960862625
TC001_116_11,C001,2023-12-14 14:35:00,DCM,sell,41,30.59,2.469091373985729
TC001_117_0,C001,2023-12-15 09:57:00,VGC,buy,27,48.93,5.634968060565234
TC001_117_1,C001,2023-12-15 10:09:00,NKG,buy,61,18.1,5.245511779197879
TC001_117_2,C001,2023-12-15 11:01:00,FPT,buy,55,70.41,3.9379853291310813
TC001_117_3,C001,2023-12-15 14:57:00,FPT,sell,55,66.87,9.575275548423066
TC001_117_close,C001,2023-12-15 13:49:00,VGC,sell,27,46.86,5.992037643273341
TC001_117_close,C001,2023-12-15 14:27:00,NKG,sell,61,19.08,5.142115702374142
TC001_118_0,C001,2023-12-18 10:50:00,BCM,buy,16,56.02,4.072577557975979
TC001_118_1,C001,2023-12-18 09:50:00,BCM,buy,32,59.01,5.463334757422643
TC001_118_2,C001,2023-12-18 11:27:00,DCM,buy,68,28.73,8.353894744383476
TC001_118_3,C001,2023-12-18 09:12:00,BCM,buy,61,58.77,16.25642327112442
TC001_118_4,C001,2023-12-18 09:05:00,DCM,buy,38,27.7,2.071151112738488
TC001_118_5,C001,2023-12-18 14:19:00,BCM,sell,67,54.82,12.873912527399725
TC001_118_6,C001,2023-12-18 14:17:00,DCM,sell,34,25.66,1.958848036056922
TC001_119_0,C001,2023-12-19 09:35:00,NKG,buy,63,18.68,3.277936887175968
TC001_119_1,C001,2023-12-19 10:19:00,VGC,buy,48,48.65,10.846238139857187
TC001_119_2,C001,2023-12-19 09:35:00,NKG,buy,38,17.22,2.9474903331608915
TC001_119_5,C001,2023-12-19 13:34:00,VGC,sell,48,49.11,4.87032710221962
TC001_119_close,C001,2023-12-19 14:18:00,NKG,sell,101,16.27,4.463239957333164
TC001_120_0,C001,2023-12-20 10:55:00,FPT,buy,62,69.32,4.831473893835701
TC001_120_1,C001,2023-12-20 10:45:00,DCM,buy,28,31.93,3.192654088277606
TC001_120_2,C001,2023-12-20 09:09:00,DCM,buy,42,28.1,2.3292476680007392
TC001_120_4,C001,2023-12-20 13:29:00,DCM,sell,27,29.12,1.8261989292603704
TC001_120_close,C001,2023-12-20 14:29:00,FPT,sell,62,69.39,20.62459033197804
TC001_121_0,C001,2023-12-21 09:03:00,DCM,buy,79,28.1,8.705649524612262
TC001_121_1,C001,2023-12-21 09:27:00,FPT,buy,75,69.61,14.3217576423002
TC001_121_2,C001,2023-12-21 11:16:00,FPT,buy,71,73.19,19.550479448122992
TC001_121_3,C001,2023-12-21 11:00:00,VGC,buy,18,51.09,1.3968286973871678
TC001_121_4,C001,2023-12-21 11:21:00,DCM,buy,10,29.4,1.3390087597325082
TC001_121_5,C001,2023-12-21 11:20:00,FPT,buy,36,72.62,7.957791807336444
TC001_121_6,C001,2023-12-21 09:15:00,VGC,buy,64,49.39,8.810770302321485
TC001_121_7,C001,2023-12-21 14:18:00,DCM,sell,31,30.49,4.722117693067189
TC001_121_8,C001,2023-12-21 13:24:00,VGC,sell,20,45.91,2.2730768271606037
TC001_121_9,C001,2023-12-21 14:08:00,FPT,sell,182,66.21,43.86294714014564
TC001_122_0,C001,2023-12-22 09:01:00,NKG,buy,39,18.91,1.387704410395938
TC001_122_1,C001,2023-12-22 10:01:00,BCM,buy,75,59.84,10.962488399251933
TC001_122_2,C001,2023-12-22 10:51:00,DCM,buy,57,32.16,7.3122829311590545
TC001_122_3,C001,2023-12-22 10:07:00,VGC,buy,28,49.3,4.432288504023755
TC001_122_4,C001,2023-12-22 10:17:00,DCM,buy,51,28.33,6.832571376054025
TC001_122_5,C001,2023-12-22 14:30:00,DCM,sell,62,25.54,5.412260589184452
TC001_122_7,C001,2023-12-22 13:04:00,BCM,sell,75,59.45,8.090769591960042
TC001_122_close,C001,2023-12-22 13:20:00,NKG,sell,39,15.09,2.3970335082117935
TC001_122_close,C001,2023-12-22 14:17:00,VGC,sell,28,47.99,4.13560916998537
TC001_123_0,C001,2023-12-25 10:33:00,NKG,buy,29,18.76,1.9103845719985366
TC001_123_1,C001,2023-12-25 11:23:00,NKG,buy,77,21.43,3.0746223049594534
TC001_123_2,C001,2023-12-25 09:11:00,VGC,buy,48,50.32,10.599241430082568
TC001_123_5,C001,2023-12-25 13:57:00,NKG,sell,106,22.16,6.77482933595784
TC001_123_close,C001,2023-12-25 14:05:00,VGC,sell,48,50.36,7.88008489064091
TC001_124_0,C001,2023-12-26 09:35:00,FPT,buy,73,71.14,9.266126629654776
TC001_124_1,C001,2023-12-26 09:25:00,BCM,buy,15,60.32,2.1632524929261883
TC001_124_2,C001,2023-12-26 10:30:00,DCM,buy,18,29.09,0.7498036875973215
TC001_124_3,C001,2023-12-26 09:09:00,NKG,buy,60,18.84,1.2549159485339187
TC001_124_4,C001,2023-12-26 11:22:00,FPT,buy,37,71.8,11.75953124657147
TC001_124_5,C001,2023-12-26 13:06:00,BCM,sell,15,63.63,1.820535129213181
TC001_124_7,C001,2023-12-26 13:29:00,DCM,sell,18,26.4,2.004485376696954
TC001_124_8,C001,2023-12-26 14:15:00,FPT,sell,110,67.76,14.791473709175815
TC001_124_close,C001,2023-12-26 13:46:00,NKG,sell,60,21.68,1.4484098128910445
TC001_125_0,C001,2023-12-27 11:13:00,DCM,buy,57,28.48,3.874077962981902
TC001_125_1,C001,2023-12-27 11:10:00,DCM,buy,46,25.18,2.4900934039299982
TC001_125_2,C001,2023-12-27 11:19:00,BCM,buy,76,60.61,22.684750768436828
TC001_125_3,C001,2023-12-27 10:58:00,DCM,buy,76,27.85,2.8610444273862727
TC001_125_4,C001,2023-12-27 09:40:00,DCM,buy,78,28.95,6.962908367141035
TC001_125_close,C001,2023-12-27 13:46:00,DCM,sell,257,31.11,35.33717426875038
TC001_125_close,C001,2023-12-27 13:12:00,BCM,sell,76,61.69,14.571518767444084
TC001_126_0,C001,2023-12-28 11:15:00,NKG,buy,18,19.11,0.54270132056607
TC001_126_1,C001,2023-12-28 09:55:00,BCM,buy,36,60.71,2.2621013769394867
TC001_126_2,C001,2023-12-28 11:19:00,NKG,buy,35,19.61,0.8712162833623397
TC001_126_3,C001,2023-12-28 11:03:00,VGC,buy,28,50.41,2.5441943902747357
TC001_126_4,C001,2023-12-28 09:54:00,DCM,buy,22,28.55,2.5998662907470678
TC001_126_5,C001,2023-12-28 10:31:00,DCM,buy,19,30.62,1.1716101787951136
TC001_126_6,C001,2023-12-28 11:23:00,BCM,buy,10,62.79,2.9678000320112163
TC001_126_7,C001,2023-12-28 13:56:00,VGC,sell,28,50.38,7.037598877174776
TC001_126_8,C001,2023-12-28 13:24:00,NKG,sell,27,20.48,0.640980777824909
TC001_126_10,C001,2023-12-28 13:52:00,BCM,sell,27,58.05,3.0295957360470944
TC001_126_12,C001,2023-12-28 14:55:00,DCM,sell,17,30.09,1.3221084657983666
TC001_127_0,C001,2023-12-29 10:07:00,FPT,buy,80,68.56,17.241400803907535
TC001_127_1,C001,2023-12-29 09:59:00,VGC,buy,31,50.78,6.873173611790204
TC001_127_2,C001,2023-12-29 11:14:00,BCM,buy,54,60.9,9.652641404292423
TC001_127_3,C001,2023-12-29 09:05:00,FPT,buy,23,70.34,4.3664022053338565
TC001_127_4,C001,2023-12-29 09:27:00,FPT,buy,33,73.01,9.098565438009215
TC001_127_5,C001,2023-12-29 10:49:00,FPT,buy,34,70.5,10.233858424245494
TC001_127_7,C001,2023-12-29 13:48:00,BCM,sell,10,62.82,0.6846186225046247
TC001_127_9,C001,2023-12-29 13:22:00,VGC,sell,5,53.98,1.3350431492459316
TC001_127_11,C001,2023-12-29 14:15:00,FPT,sell,170,70.92,52.4409752532941
TC001_128_0,C001,2024-01-02 11:00:00,BCM,buy,55,63.33,7.292492907499509
TC001_128_1,C001,2024-01-02 09:52:00,DCM,buy,30,29.0,3.7535275370212147
TC001_128_2,C001,2024-01-02 10:08:00,BCM,buy,54,59.93,5.743965704559881
TC001_128_3,C001,2024-01-02 09:37:00,FPT,buy,59,70.19,19.376117228463063
TC001_128_4,C001,2024-01-02 09:03:00,VGC,buy,13,48.84,3.143176270588649
TC001_128_5,C001,2024-01-02 10:09:00,VGC,buy,66,45.08,3.361951258190289
TC001_128_7,C001,2024-01-02 13:32:00,VGC,sell,79,51.87,6.4414795675111
TC001_128_8,C001,2024-01-02 14:23:00,BCM,sell,57,63.67,9.072623437883996
TC001_128_12,C001,2024-01-02 13:11:00,FPT,sell,59,71.25,17.239340544208044
TC001_128_close,C001,2024-01-02 14:27:00,DCM,sell,30,25.17,2.5364870307450995
TC001_129_0,C001,2024-01-03 10:19:00,BCM,buy,72,59.55,19.521454789199897
TC001_129_1,C001,2024-01-03 10:34:00,NKG,buy,13,18.84,1.1684884865736147
TC001_129_2,C001,2024-01-03 10:58:00,NKG,buy,33,20.32,2.803889446229725
TC001_129_3,C001,2024-01-03 13:03:00,NKG,sell,22,16.3,0.43817141247145847
TC001_129_close,C001,2024-01-03 13:03:00,BCM,sell,72,56.19,13.29591311209487
TC001_130_0,C001,2024-01-04 09:01:00,NKG,buy,46,18.76,3.2098374775495677
TC001_130_1,C001,2024-01-04 09:58:00,BCM,buy,54,58.87,11.389300896485953
TC001_130_2,C001,2024-01-04 10:43:00,BCM,buy,10,61.72,0.9057633913480818
TC001_130_3,C001,2024-01-04 10:13:00,NKG,buy,72,16.11,2.860469118404603
TC001_130_4,C001,2024-01-04 10:04:00,DCM,buy,44,29.0,3.9542681439974947
TC001_130_5,C001,2024-01-04 09:02:00,NKG,buy,57,22.0,2.680344238606708
TC001_130_6,C001,2024-01-04 14:00:00,DCM,sell,15,31.61,1.2481868380009549
TC001_130_8,C001,2024-01-04 13:26:00,NKG,sell,79,17.38,2.4189413768632657
TC001_130_close,C001,2024-01-04 13:39:00,BCM,sell,64,57.99,8.342736141931
TC001_131_0,C001,2024-01-05 11:25:00,FPT,buy,37,71.93,6.2245880554076205
TC001_131_1,C001,2024-01-05 11:05:00,NKG,buy,78,17.29,1.9717357921404
TC001_131_2,C001,2024-01-05 10:23:00,NKG,buy,27,18.76,2.3102727593272645
TC001_131_3,C001,2024-01-05 09:08:00,FPT,buy,60,71.29,9.328643298399317
TC001_131_4,C001,2024-01-05 11:27:00,FPT,buy,23,71.22,6.897789869083455
TC001_131_5,C001,2024-01-05 13:12:00,FPT,sell,26,72.72,8.982584757640986
TC001_131_close,C001,2024-01-05 13:48:00,NKG,sell,105,21.62,10.18461771053028
TC001_132_0,C001,2024-01-08 09:33:00,FPT,buy,32,67.72,10.020874313642098
TC001_132_1,C001,2024-01-08 10:47:00,VGC,buy,56,48.47,6.313416735920039
TC001_132_2,C001,2024-01-08 10:04:00,NKG,buy,70,18.56,5.983911378772335
TC001_132_3,C001,2024-01-08 11:01:00,NKG,buy,79,14.6,4.235724174597613
TC001_132_4,C001,2024-01-08 10:26:00,DCM,buy,41,28.91,4.178116807942433
TC001_132_5,C001,2024-01-08 09:06:00,FPT,buy,12,71.22,2.284078447060045
TC001_132_6,C001,2024-01-08 13:21:00,NKG,sell,102,16.91,7.888675618050451
TC001_132_8,C001,2024-01-08 14:50:00,VGC,sell,27,47.21,3.922526669792894
TC001_132_close,C001,2024-01-08 13:46:00,FPT,sell,44,68.01,6.159137097202869
TC001_132_close,C001,2024-01-08 14:05:00,DCM,sell,41,26.75,3.4883934409966044
TC001_133_0,C001,2024-01-09 11:22:00,DCM,buy,45,26.27,2.2410509905456326
TC001_133_1,C001,2024-01-09 09:44:00,DCM,buy,43,29.22,3.9845301024806328
TC001_133_2,C001,2024-01-09 09:25:00,VGC,buy,31,49.11,6.426506468592458
TC001_133_6,C001,2024-01-09 14:24:00,VGC,sell,16,49.89,3.8587346492916463
TC001_133_close,C001,2024-01-09 13:07:00,DCM,sell,88,32.66,5.840221908770338
TC001_134_0,C001,2024-01-10 10:35:00,FPT,buy,17,69.32,1.4960897219373201
TC001_134_1,C001,2024-01-10 10:20:00,DCM,buy,23,28.95,3.021098119470302
TC001_134_2,C001,2024-01-10 11:20:00,DCM,buy,73,32.59,3.6273194872447636
TC001_134_3,C001,2024-01-10 13:27:00,DCM,sell,36,32.66,5.833611247005364
TC001_134_close,C001,2024-01-10 14:09:00,FPT,sell,17,71.69,4.245432987767595
TC001_135_0,C001,2024-01-11 11:19:00,BCM,buy,43,55.5,5.881040732769943
TC001_135_1,C001,2024-01-11 11:17:00,DCM,buy,29,29.0,1.0131749343212593
TC001_135_2,C001,2024-01-11 11:05:00,FPT,buy,64,69.54,19.065809885278398
TC001_135_3,C001,2024-01-11 09:43:00,BCM,buy,30,58.48,6.15991627181737
TC001_135_4,C001,2024-01-11 10:58:00,BCM,buy,31,57.86,5.13610302245252
TC001_135_9,C001,2024-01-11 13:44:00,DCM,sell,7,26.0,0.5122309485759122
TC001_135_close,C001,2024-01-11 14:27:00,BCM,sell,104,61.28,8.547095693449938
TC001_135_close,C001,2024-01-11 13:40:00,FPT,sell,64,70.87,19.654395212928883
TC001_136_0,C001,2024-01-12 10:16:00,FPT,buy,20,69.32,2.2300627378905045
TC001_136_1,C001,2024-01-12 11:08:00,DCM,buy,10,26.36,1.0564306600472402
TC001_136_2,C001,2024-01-12 10:22:00,NKG,buy,36,18.18,2.755972724316326
TC001_136_3,C001,2024-01-12 10:32:00,NKG,buy,14,15.82,0.5419879864893508
TC001_136_4,C001,2024-01-12 10:02:00,DCM,buy,70,28.24,2.566488695077117
TC001_136_5,C001,2024-01-12 11:25:00,VGC,buy,25,47.73,5.05040579630663
TC001_136_6,C001,2024-01-12 11:09:00,BCM,buy,60,58.0,15.279123828953317
TC001_136_7,C001,2024-01-12 13:22:00,VGC,sell,7,47.67,0.6974357754222262
TC001_136_8,C001,2024-01-12 14:19:00,NKG,sell,50,17.21,3.3085816888820876
TC001_136_9,C001,2024-01-12 13:00:00,FPT,sell,20,67.41,5.005941161257668
TC001_136_13,C001,2024-01-12 14:45:00,BCM,sell,6,60.06,0.5352305283936876
TC001_136_close,C001,2024-01-12 13:59:00,DCM,sell,80,30.67,6.960281948931628
TC001_137_0,C001,2024-01-15 11:17:00,NKG,buy,41,17.73,0.8736767318836721
TC001_137_1,C001,2024-01-15 09:50:00,VGC,buy,21,46.25,1.0795052233678295
TC001_137_2,C001,2024-01-15 10:14:00,DCM,buy,24,29.87,2.1410594036443453
TC001_137_3,C001,2024-01-15 09:09:00,BCM,buy,77,57.61,18.707805376256253
TC001_137_4,C001,2024-01-15 10:02:00,DCM,buy,48,27.79,4.642917833586271
TC001_137_5,C001,2024-01-15 09:29:00,NKG,buy,31,18.14,2.6099202477505212
TC001_137_6,C001,2024-01-15 10:10:00,VGC,buy,79,43.3,5.813758643274801
TC001_137_7,C001,2024-01-15 14:03:00,NKG,sell,72,18.95,3.9614237603353892
TC001_137_10,C001,2024-01-15 13:35:00,DCM,sell,29,24.16,1.1848006357440504
TC001_137_close,C001,2024-01-15 13:51:00,VGC,sell,100,42.45,19.56525904959701
TC001_137_close,C001,2024-01-15 13:23:00,BCM,sell,77,59.28,18.19528354753271
TC001_138_0,C001,2024-01-16 10:24:00,DCM,buy,48,24.64,2.3385327104831064
TC001_138_1,C001,2024-01-16 11:24:00,NKG,buy,59,18.5,1.844348035181171
TC001_138_2,C001,2024-01-16 10:35:00,NKG,buy,79,19.48,5.396332295955973
TC001_138_3,C001,2024-01-16 09:50:00,NKG,buy,29,19.38,0.6530773205687734
TC001_138_4,C001,2024-01-16 09:45:00,BCM,buy,11,57.51,2.610297718801183
TC001_138_5,C001,2024-01-16 10:19:00,DCM,buy,33,28.01,1.3949700316938567
TC001_138_6,C001,2024-01-16 11:28:00,VGC,buy,29,47.17,3.0047838001482585
TC001_138_8,C001,2024-01-16 14:19:00,NKG,sell,167,19.58,16.251109959766247
TC001_138_12,C001,2024-01-16 13:47:00,VGC,sell,29,49.89,5.788205571588492
TC001_138_13,C001,2024-01-16 14:57:00,DCM,sell,35,28.82,2.533892803741053
TC001_138_close,C001,2024-01-16 13:47:00,BCM,sell,11,56.49,1.2383935884520563
TC001_139_0,C001,2024-01-17 11:16:00,BCM,buy,60,59.2,9.785194816559635
TC001_139_1,C001,2024-01-17 10:55:00,BCM,buy,65,58.28,4.6804979020217825
TC001_139_2,C001,2024-01-17 10:02:00,NKG,buy,11,19.34,0.7935743891919319
TC001_139_3,C001,2024-01-17 10:33:00,VGC,buy,70,48.1,11.223657228360398
TC001_139_4,C001,2024-01-17 09:55:00,BCM,buy,69,58.0,16.366072962746756
TC001_139_5,C001,2024-01-17 10:12:00,DCM,buy,60,28.06,5.198505806858862
TC001_139_6,C001,2024-01-17 14:36:00,DCM,sell,26,27.56,3.256842178542501
TC001_139_7,C001,2024-01-17 13:56:00,NKG,sell,5,22.91,0.32131182441972733
TC001_139_11,C001,2024-01-17 13:06:00,BCM,sell,37,60.14,8.217375549661673
TC001_139_close,C001,2024-01-17 14:07:00,VGC,sell,70,50.83,12.449290025353257
TC001_140_0,C001,2024-01-18 11:17:00,DCM,buy,70,27.97,5.115212795157812
TC001_140_1,C001,2024-01-18 10:19:00,NKG,buy,75,19.62,4.99161057936475
TC001_140_2,C001,2024-01-18 11:24:00,NKG,buy,47,21.47,4.492710677857292
TC001_140_3,C001,2024-01-18 11:01:00,FPT,buy,74,66.58,16.514441724842655
TC001_140_4,C001,2024-01-18 09:43:00,FPT,buy,68,69.97,6.129723705341371
TC001_140_6,C001,2024-01-18 13:56:00,FPT,sell,98,70.62,21.645673367920526
TC001_140_8,C001,2024-01-18 14:56:00,DCM,sell,9,26.35,0.8628338397255756
TC001_140_close,C001,2024-01-18 13:43:00,NKG,sell,122,18.51,5.92739326727346
TC001_141_0,C001,2024-01-19 09:26:00,NKG,buy,18,19.42,0.6015041476717193
TC001_141_1,C001,2024-01-19 10:46:00,VGC,buy,32,47.73,7.25840648619425
TC001_141_2,C001,2024-01-19 09:20:00,DCM,buy,59,28.1,2.768752496299714
TC001_141_4,C001,2024-01-19 13:40:00,VGC,sell,32,44.46,1.6900722450938253
TC001_141_5,C001,2024-01-19 13:50:00,DCM,sell,34,31.87,1.7109539943305798
TC001_141_close,C001,2024-01-19 14:59:00,NKG,sell,18,22.8,1.9622932679284888
TC001_142_0,C001,2024-01-22 09:01:00,DCM,buy,48,27.97,6.091863453221137
TC001_142_1,C001,2024-01-22 11:14:00,FPT,buy,33,70.56,7.4487844130557965
TC001_142_2,C001,2024-01-22 11:24:00,DCM,buy,49,25.16,4.938809677182376
TC001_142_3,C001,2024-01-22 10:55:00,DCM,buy,55,30.51,8.303632810681473
TC001_142_4,C001,2024-01-22 14:03:00,FPT,sell,12,73.98,3.8461011971525907
TC001_142_7,C001,2024-01-22 13:40:00,DCM,sell,152,26.81,19.312039945304182
TC001_143_0,C001,2024-01-23 11:19:00,BCM,buy,57,57.01,5.513357265233994
TC001_143_1,C001,2024-01-23 11:01:00,NKG,buy,36,18.41,2.1592564117713655
TC001_143_2,C001,2024-01-23 11:13:00,FPT,buy,49,69.97,15.139104718224957
TC001_143_3,C001,2024-01-23 10:40:00,NKG,buy,35,19.54,2.202484213727523
TC001_143_4,C001,2024-01-23 11:16:00,BCM,buy,16,60.03,3.5168919728278287
TC001_143_5,C001,2024-01-23 10:56:00,VGC,buy,68,43.32,4.863734088927567
TC001_143_6,C001,2024-01-23 10:30:00,VGC,buy,72,47.17,15.145606003889489
TC001_143_7,C001,2024-01-23 13:38:00,VGC,sell,140,45.79,26.257276624465998
TC001_143_8,C001,2024-01-23 14:03:00,FPT,sell,15,73.63,1.4427156600541327
TC001_143_9,C001,2024-01-23 13:44:00,BCM,sell,50,58.76,6.259956307718993
TC001_143_close,C001,2024-01-23 14:41:00,NKG,sell,71,17.07,5.3355204118026185
TC001_144_0,C001,2024-01-24 10:19:00,FPT,buy,18,69.54,6.071625782016315
TC001_144_1,C001,2024-01-24 11:24:00,BCM,buy,71,57.24,13.172484788104196
TC001_144_2,C001,2024-01-24 11:12:00,DCM,buy,21,26.77,0.6658052219045835
TC001_144_3,C001,2024-01-24 10:21:00,BCM,buy,76,60.03,6.093690758246237
TC001_144_4,C001,2024-01-24 10:39:00,DCM,buy,25,27.7,0.8074659745186527
TC001_144_5,C001,2024-01-24 13:07:00,BCM,sell,39,63.91,4.171587212197396
TC001_144_6,C001,2024-01-24 13:14:00,DCM,sell,31,24.11,0.7995845782653473
TC001_144_7,C001,2024-01-24 13:58:00,FPT,sell,18,67.33,1.9756663200900275
TC001_145_0,C001,2024-01-25 10:08:00,FPT,buy,12,69.61,3.816261232382351
TC001_145_1,C001,2024-01-25 11:08:00,VGC,buy,75,43.96,14.59825959875403
TC001_145_2,C001,2024-01-25 11:12:00,NKG,buy,14,19.62,1.3264992457765503
TC001_145_3,C001,2024-01-25 09:14:00,VGC,buy,67,46.62,6.597236340684477
TC001_145_4,C001,2024-01-25 10:02:00,BCM,buy,15,59.64,2.5699615727429825
TC001_145_6,C001,2024-01-25 13:17:00,BCM,sell,15,57.69,1.3885727148717786
TC001_145_8,C001,2024-01-25 13:21:00,FPT,sell,12,73.09,3.675476494532969
TC001_145_close,C001,2024-01-25 13:14:00,VGC,sell,142,50.53,24.68394565516942
TC001_145_close,C001,2024-01-25 13:45:00,NKG,sell,14,16.13,0.39039035532050315
TC001_146_0,C001,2024-01-26 10:51:00,FPT,buy,32,70.19,7.415278531441977
TC001_146_1,C001,2024-01-26 11:09:00,BCM,buy,80,59.84,13.110104035464289
TC001_146_3,C001,2024-01-26 13:27:00,FPT,sell,8,73.81,2.848533886828256
TC001_146_close,C001,2024-01-26 14:29:00,BCM,sell,80,57.04,17.835890707065715
TC001_147_0,C001,2024-01-29 10:29:00,VGC,buy,34,47.82,3.516155285523448
TC001_147_1,C001,2024-01-29 09:46:00,FPT,buy,60,70.19,12.489382843293741
TC001_147_2,C001,2024-01-29 09:57:00,FPT,buy,79,71.67,22.779560366334074
TC001_147_3,C001,2024-01-29 09:24:00,NKG,buy,17,19.26,1.3748324769825988
TC001_147_4,C001,2024-01-29 14:02:00,VGC,sell,14,47.16,1.3078617750448287
TC001_147_7,C001,2024-01-29 13:00:00,NKG,sell,1,17.04,0.075963891126085
TC001_147_close,C001,2024-01-29 14:15:00,FPT,sell,139,71.36,26.073927941136674
TC001_148_0,C001,2024-01-30 10:35:00,VGC,buy,58,49.3,4.953438643511813
TC001_148_1,C001,2024-01-30 09:39:00,BCM,buy,38,63.23,11.782112107590951
TC001_148_2,C001,2024-01-30 09:21:00,FPT,buy,20,69.97,3.704806128206617
TC001_148_3,C001,2024-01-30 10:52:00,NKG,buy,16,19.46,1.4327332588045372
TC001_148_4,C001,2024-01-30 13:28:00,FPT,sell,10,69.05,3.369730679108773
TC001_148_5,C001,2024-01-30 13:10:00,VGC,sell,15,50.14,1.6480347170077436
TC001_148_6,C001,2024-01-30 13:00:00,BCM,sell,38,64.44,5.600414313402445
TC001_148_close,C001,2024-01-30 14:10:00,NKG,sell,16,15.91,0.8719472243922783
TC001_149_0,C001,2024-01-31 10:42:00,NKG,buy,30,18.84,1.1712985953383475
TC001_149_1,C001,2024-01-31 10:38:00,VGC,buy,23,48.7,3.580810694478684
TC001_149_2,C001,2024-01-31 09:34:00,VGC,buy,50,48.37,9.283780466673068
TC001_149_close,C001,2024-01-31 14:47:00,NKG,sell,30,19.53,1.5054503383416977
TC001_149_close,C001,2024-01-31 14:47:00,VGC,sell,73,45.87,3.9462326764858067
TC001_150_0,C001,2024-02-01 11:24:00,VGC,buy,45,50.36,8.438086536684597
TC001_150_1,C001,2024-02-01 10:18:00,BCM,buy,29,66.79,6.863305037693994
TC001_150_2,C001,2024-02-01 09:07:00,NKG,buy,47,18.68,1.9108090911579476
TC001_150_3,C001,2024-02-01 09:02:00,VGC,buy,78,50.41,6.65257435813594
TC001_150_4,C001,2024-02-01 09:35:00,BCM,buy,54,63.9,8.408710545625711
TC001_150_5,C001,2024-02-01 14:35:00,NKG,sell,27,22.13,2.796672783499856
TC001_150_close,C001,2024-02-01 14:45:00,VGC,sell,123,51.25,26.683994362243666
TC001_150_close,C001,2024-02-01 13:37:00,BCM,sell,83,67.45,15.875096872980945
TC001_151_0,C001,2024-02-02 10:24:00,BCM,buy,35,62.45,8.626443576336898
TC001_151_1,C001,2024-02-02 09:26:00,NKG,buy,57,18.88,5.114265713315418
TC001_151_2,C001,2024-02-02 11:04:00,VGC,buy,40,49.76,3.5110307128274747
TC001_151_3,C001,2024-02-02 10:29:00,DCM,buy,64,29.63,5.3980683248803425
TC001_151_4,C001,2024-02-02 10:05:00,DCM,buy,26,29.31,0.9318705952509395
TC001_151_5,C001,2024-02-02 10:49:00,FPT,buy,80,74.66,9.100561676154074
TC001_151_7,C001,2024-02-02 13:48:00,FPT,sell,11,76.83,3.575563628404973
TC001_151_8,C001,2024-02-02 13:41:00,VGC,sell,7,52.76,1.5798952207383499
TC001_151_9,C001,2024-02-02 13:06:00,DCM,sell,44,32.9,5.414221013515999
TC001_151_close,C001,2024-02-02 14:35:00,BCM,sell,35,64.65,8.0995061633673
TC001_151_close,C001,2024-02-02 14:45:00,NKG,sell,57,21.77,2.0662819681861313
TC001_152_0,C001,2024-02-05 11:24:00,BCM,buy,49,61.48,4.887502271801576
TC001_152_1,C001,2024-02-05 10:59:00,FPT,buy,54,78.36,7.378982557883675
TC001_152_2,C001,2024-02-05 09:54:00,DCM,buy,15,29.18,1.4591493121919965
TC001_152_3,C001,2024-02-05 10:44:00,DCM,buy,49,30.55,6.866211031267575
TC001_152_4,C001,2024-02-05 11:03:00,DCM,buy,67,27.52,3.5787096399494946
TC001_152_5,C001,2024-02-05 09:47:00,FPT,buy,26,75.76,6.596479506079619
TC001_152_7,C001,2024-02-05 13:17:00,DCM,sell,77,29.4,7.4417299030283415
TC001_152_11,C001,2024-02-05 13:26:00,BCM,sell,13,60.49,1.447584201486394
TC001_152_close,C001,2024-02-05 14:48:00,FPT,sell,80,73.92,19.24872738430124
TC001_153_0,C001,2024-02-06 11:04:00,BCM,buy,51,61.77,12.723813734851706
TC001_153_1,C001,2024-02-06 09:36:00,DCM,buy,56,29.58,2.693524703051388
TC001_153_2,C001,2024-02-06 09:22:00,FPT,buy,46,76.19,9.97079999514834
TC001_153_3,C001,2024-02-06 09:50:00,DCM,buy,39,30.1,2.4336807096036845
TC001_153_4,C001,2024-02-06 14:28:00,DCM,sell,66,32.61,6.54583277321908
TC001_153_5,C001,2024-02-06 13:05:00,BCM,sell,17,61.43,4.282236228557384
TC001_153_close,C001,2024-02-06 13:23:00,FPT,sell,46,79.2,8.907051392094147
TC001_154_0,C001,2024-02-07 10:38:00,VGC,buy,47,48.74,9.424067013069028
TC001_154_1,C001,2024-02-07 09:01:00,NKG,buy,24,18.95,0.8542686844263601
TC001_154_2,C001,2024-02-07 10:47:00,DCM,buy,70,30.48,10.034568350555778
TC001_154_3,C001,2024-02-07 11:11:00,BCM,buy,60,61.44,9.537509537829207
TC001_154_4,C001,2024-02-07 11:27:00,FPT,buy,48,76.78,9.893410079179317
TC001_154_5,C001,2024-02-07 10:57:00,BCM,buy,44,61.97,6.897904408676136
TC001_154_6,C001,2024-02-07 14:07:00,VGC,sell,25,49.03,4.0503785514289685
TC001_154_7,C001,2024-02-07 14:49:00,DCM,sell,7,32.4,0.22905256076983516
TC001_154_8,C001,2024-02-07 13:32:00,FPT,sell,29,80.25,7.433501091422117
TC001_154_close,C001,2024-02-07 13:13:00,NKG,sell,24,19.89,0.8962958719267666
TC001_154_close,C001,2024-02-07 14:48:00,BCM,sell,104,63.81,31.419241604869796
TC001_155_0,C001,2024-02-15 10:29:00,VGC,buy,32,48.19,6.670223293895509
TC001_155_1,C001,2024-02-15 11:02:00,VGC,buy,47,49.48,3.9661247294400277
TC001_155_4,C001,2024-02-15 14:23:00,VGC,sell,79,47.08,17.397200266848152
TC001_156_0,C001,2024-02-16 10:16:00,BCM,buy,32,61.88,7.3339634394811
TC001_156_1,C001,2024-02-16 10:15:00,VGC,buy,11,49.02,2.6348968474605066
TC001_156_2,C001,2024-02-16 10:38:00,VGC,buy,11,50.12,2.5300925286906546
TC001_156_3,C001,2024-02-16 09:07:00,DCM,buy,36,30.39,3.8013819596918226
TC001_156_4,C001,2024-02-16 11:12:00,NKG,buy,14,19.15,1.1320581608054987
TC001_156_5,C001,2024-02-16 09:47:00,BCM,buy,31,61.58,2.53825011286407
TC001_156_6,C001,2024-02-16 09:56:00,DCM,buy,68,31.27,3.4107879074427765
TC001_156_10,C001,2024-02-16 14:29:00,VGC,sell,8,46.42,1.6653681118813513
TC001_156_11,C001,2024-02-16 14:55:00,BCM,sell,8,64.12,0.5981707461038479
TC001_156_close,C001,2024-02-16 13:11:00,DCM,sell,104,27.59,3.8037479988458327
TC001_156_close,C001,2024-02-16 13:17:00,NKG,sell,14,15.81,0.662773031994541
TC001_157_0,C001,2024-02-19 09:48:00,FPT,buy,49,76.85,18.573966775863273
TC001_157_1,C001,2024-02-19 09:40:00,BCM,buy,39,62.26,3.4152267787545636
TC001_157_2,C001,2024-02-19 09:09:00,DCM,buy,13,30.75,0.40363449463538653
TC001_157_3,C001,2024-02-19 10:28:00,DCM,buy,12,27.05,1.1775887889437018
TC001_157_5,C001,2024-02-19 14:27:00,DCM,sell,16,28.23,1.9823397107457423
TC001_157_6,C001,2024-02-19 13:05:00,BCM,sell,18,61.11,4.85832189332524
TC001_157_close,C001,2024-02-19 13:54:00,FPT,sell,49,79.54,18.238710558335175
TC001_158_0,C001,2024-02-20 09:19:00,NKG,buy,47,18.91,4.361855778869487
TC001_158_1,C001,2024-02-20 09:08:00,FPT,buy,48,76.34,10.131639085063567
TC001_158_3,C001,2024-02-20 13:14:00,FPT,sell,28,75.16,5.703154106725466
TC001_158_close,C001,2024-02-20 14:52:00,NKG,sell,47,19.95,3.6048968188982187
TC001_159_0,C001,2024-02-21 10:07:00,FPT,buy,44,79.37,13.281185244354106
TC001_159_1,C001,2024-02-21 09:56:00,FPT,buy,41,77.51,13.9286069860646
TC001_159_2,C001,2024-02-21 11:14:00,BCM,buy,34,60.37,2.175278354089083
TC001_159_3,C001,2024-02-21 09:14:00,BCM,buy,31,63.71,3.9395702498454743
TC001_159_4,C001,2024-02-21 10:25:00,DCM,buy,30,31.02,4.594208134871144
TC001_159_5,C001,2024-02-21 11:09:00,DCM,buy,56,32.4,7.884674388554554
TC001_159_6,C001,2024-02-21 14:14:00,FPT,sell,31,75.95,7.2607478264006
TC001_159_7,C001,2024-02-21 14:12:00,DCM,sell,86,27.33,2.380851509829056
TC001_159_close,C001,2024-02-21 13:04:00,BCM,sell,65,65.33,13.086714373444535
TC001_160_0,C001,2024-02-22 11:24:00,DCM,buy,44,28.55,1.4908932029014337
TC001_160_1,C001,2024-02-22 09:50:00,BCM,buy,36,63.03,6.676896647392941
TC001_160_2,C001,2024-02-22 11:22:00,DCM,buy,54,30.84,7.22809980189637
TC001_160_3,C001,2024-02-22 09:42:00,FPT,buy,63,76.56,15.385658496697749
TC001_160_4,C001,2024-02-22 09:24:00,VGC,buy,62,51.24,14.127029576397181
TC001_160_5,C001,2024-02-22 10:21:00,NKG,buy,79,18.53,4.726512331116814
TC001_160_6,C001,2024-02-22 10:52:00,NKG,buy,18,15.69,0.6996309761367793
TC001_160_7,C001,2024-02-22 14:36:00,FPT,sell,63,75.2,9.063526879001023
TC001_160_13,C001,2024-02-22 13:05:00,DCM,sell,14,28.66,1.9570475609155207
TC001_160_close,C001,2024-02-22 14:53:00,BCM,sell,36,63.2,4.386551243493902
TC001_160_close,C001,2024-02-22 13:09:00,VGC,sell,62,54.56,9.294831984608129
TC001_160_close,C001,2024-02-22 14:42:00,NKG,sell,97,21.1,8.557477686272582
TC001_161_0,C001,2024-02-23 11:12:00,NKG,buy,26,18.18,1.6820936768689494
TC001_161_1,C001,2024-02-23 10:25:00,DCM,buy,77,27.76,5.22716883043882
TC001_161_2,C001,2024-02-23 09:50:00,DCM,buy,18,29.58,2.5276689315942074
TC001_161_3,C001,2024-02-23 11:14:00,VGC,buy,73,49.02,6.809641478943355
TC001_161_4,C001,2024-02-23 14:12:00,DCM,sell,95,29.29,5.911892580483049
TC001_161_close,C001,2024-02-23 13:24:00,NKG,sell,26,17.84,1.0803370130045546
TC001_161_close,C001,2024-02-23 13:04:00,VGC,sell,73,46.6,14.819294147783792
TC001_162_0,C001,2024-02-26 11:05:00,FPT,buy,23,79.05,7.4277876908244265
TC001_162_1,C001,2024-02-26 10:39:00,BCM,buy,23,61.29,5.990652294624409
TC001_162_2,C001,2024-02-26 14:43:00,FPT,sell,12,77.44,3.5926606429583012
TC001_162_close,C001,2024-02-26 13:59:00,BCM,sell,23,62.7,2.548314992145503
TC001_163_0,C001,2024-02-27 10:10:00,DCM,buy,10,29.5,1.2129629199178584
TC001_163_1,C001,2024-02-27 09:22:00,DCM,buy,46,30.16,3.061129716277861
TC001_163_2,C001,2024-02-27 10:56:00,BCM,buy,11,61.29,1.4050701300963577
TC001_163_close,C001,2024-02-27 14:21:00,DCM,sell,56,30.89,4.040080301383251
TC001_163_close,C001,2024-02-27 13:55:00,BCM,sell,11,62.23,2.9952775142802226
TC001_164_0,C001,2024-02-28 09:07:00,DCM,buy,37,30.52,2.818927409646359
TC001_164_1,C001,2024-02-28 11:25:00,BCM,buy,69,61.39,16.147402393843254
TC001_164_2,C001,2024-02-28 10:57:00,FPT,buy,30,79.42,11.254536171909196
TC001_164_3,C001,2024-02-28 09:56:00,VGC,buy,36,49.67,7.571241784210269
TC001_164_6,C001,2024-02-28 13:04:00,BCM,sell,10,58.1,2.581993733924222
TC001_164_close,C001,2024-02-28 14:18:00,DCM,sell,37,31.49,5.551586048625669
TC001_164_close,C001,2024-02-28 14:04:00,FPT,sell,30,81.51,12.08244113775436
TC001_164_close,C001,2024-02-28 14:07:00,VGC,sell,36,51.22,2.2744480301536716
TC001_165_0,C001,2024-02-29 09:04:00,FPT,buy,66,79.78,8.27181984030138
TC001_165_1,C001,2024-02-29 11:08:00,DCM,buy,65,30.25,6.951999100365764
TC001_165_2,C001,2024-02-29 09:11:00,VGC,buy,49,51.24,5.728661440694083
TC001_165_3,C001,2024-02-29 11:19:00,DCM,buy,47,31.22,6.671206657755731
TC001_165_4,C001,2024-02-29 10:08:00,FPT,buy,60,77.77,11.238611903741411
TC001_165_6,C001,2024-02-29 13:25:00,DCM,sell,16,27.18,2.011391474850004
TC001_165_close,C001,2024-02-29 14:14:00,FPT,sell,126,82.36,37.72685063699258
TC001_165_close,C001,2024-02-29 14:50:00,VGC,sell,49,49.16,9.720016575433233
TC001_166_0,C001,2024-03-01 09:01:00,FPT,buy,15,81.1,5.737771640668315
TC001_166_1,C001,2024-03-01 09:57:00,BCM,buy,31,61.58,6.0974873777265
TC001_166_2,C001,2024-03-01 10:40:00,FPT,buy,47,82.17,6.613608897919123
TC001_166_4,C001,2024-03-01 13:12:00,BCM,sell,13,65.16,2.657469605185877
TC001_166_close,C001,2024-03-01 14:59:00,FPT,sell,62,79.21,5.343613620079803
TC001_167_0,C001,2024-03-04 09:28:00,BCM,buy,14,63.32,2.251841454484763
TC001_167_1,C001,2024-03-04 09:42:00,DCM,buy,77,33.12,9.206026356173863
TC001_167_2,C001,2024-03-04 09:27:00,DCM,buy,62,30.7,6.460116790572792
TC001_167_3,C001,2024-03-04 11:07:00,VGC,buy,17,52.44,2.3703091649836017
TC001_167_close,C001,2024-03-04 13:16:00,BCM,sell,14,65.52,4.512728206949377
TC001_167_close,C001,2024-03-04 13:41:00,DCM,sell,139,28.52,14.773601147473622
TC001_167_close,C001,2024-03-04 13:36:00,VGC,sell,17,49.7,1.308063110803757
TC001_168_0,C001,2024-03-05 11:10:00,FPT,buy,56,81.03,13.086472099367958
TC001_168_1,C001,2024-03-05 09:38:00,VGC,buy,12,51.8,1.6548742108591834
TC001_168_2,C001,2024-03-05 11:13:00,NKG,buy,63,19.19,4.811370062763319
TC001_168_5,C001,2024-03-05 14:05:00,NKG,sell,16,19.55,1.2894033042250788
TC001_168_close,C001,2024-03-05 14:43:00,FPT,sell,56,83.53,19.843653428429946
TC001_168_close,C001,2024-03-05 13:19:00,VGC,sell,12,55.79,1.6796032128127183
TC001_169_0,C001,2024-03-06 09:40:00,VGC,buy,60,50.22,5.749383390998477
TC001_169_1,C001,2024-03-06 10:56:00,VGC,buy,79,52.51,5.028815290986168
TC001_169_2,C001,2024-03-06 10:24:00,NKG,buy,31,19.15,1.5242290058397912
TC001_169_3,C001,2024-03-06 11:07:00,VGC,buy,52,53.06,8.983482069654956
TC001_169_close,C001,2024-03-06 14:31:00,VGC,sell,191,48.52,43.45039563378541
TC001_169_close,C001,2024-03-06 13:27:00,NKG,sell,31,17.33,2.195908710858153
TC001_170_0,C001,2024-03-07 11:13:00,DCM,buy,12,27.32,1.2777793711416228
TC001_170_1,C001,2024-03-07 09:49:00,DCM,buy,53,31.19,8.242405474356874
TC001_170_2,C001,2024-03-07 11:15:00,DCM,buy,28,28.03,2.0953165159828666
TC001_170_3,C001,2024-03-07 10:28:00,BCM,buy,45,66.81,9.090611159530715
TC001_170_4,C001,2024-03-07 09:20:00,FPT,buy,79,81.46,25.377409441174958
TC001_170_5,C001,2024-03-07 10:17:00,DCM,buy,70,27.41,4.553556620037235
TC001_170_6,C001,2024-03-07 11:19:00,BCM,buy,70,67.95,11.135062057789801
TC001_170_9,C001,2024-03-07 13:18:00,FPT,sell,45,80.28,8.222287459696755
TC001_170_11,C001,2024-03-07 14:57:00,BCM,sell,44,68.57,10.96275279760477
TC001_170_close,C001,2024-03-07 14:42:00,DCM,sell,163,29.55,7.208314897907524
TC001_171_0,C001,2024-03-08 10:58:00,BCM,buy,23,69.48,2.627877572795909
TC001_171_1,C001,2024-03-08 09:15:00,NKG,buy,45,18.64,3.0648214048155236
TC001_171_2,C001,2024-03-08 10:41:00,VGC,buy,34,46.69,4.719312601891068
TC001_171_3,C001,2024-03-08 10:59:00,DCM,buy,61,30.12,3.8621878950304356
TC001_171_4,C001,2024-03-08 09:54:00,BCM,buy,18,67.1,5.7614232968542485
TC001_171_5,C001,2024-03-08 10:18:00,DCM,buy,43,32.18,3.109085981313952
TC001_171_6,C001,2024-03-08 09:27:00,VGC,buy,29,50.13,5.412219584663592
TC001_171_7,C001,2024-03-08 13:18:00,DCM,sell,104,29.8,7.496469691608224
TC001_171_9,C001,2024-03-08 14:20:00,NKG,sell,45,20.75,1.2202938721440395
TC001_171_12,C001,2024-03-08 14:22:00,BCM,sell,7,63.51,0.834587439042529
TC001_171_close,C001,2024-03-08 14:54:00,VGC,sell,63,50.78,7.104587297095788
TC001_172_0,C001,2024-03-11 09:05:00,DCM,buy,28,31.69,1.454409492812282
TC001_172_1,C001,2024-03-11 10:43:00,NKG,buy,80,19.62,5.6411629711347056
TC001_172_2,C001,2024-03-11 09:44:00,NKG,buy,77,18.37,4.668072908245304
TC001_172_3,C001,2024-03-11 14:51:00,NKG,sell,102,18.95,6.751602119094028
TC001_172_4,C001,2024-03-11 14:57:00,DCM,sell,28,34.19,3.832949025570644
TC001_173_0,C001,2024-03-12 10:54:00,BCM,buy,55,65.74,5.849251289373653
TC001_173_1,C001,2024-03-12 09:03:00,FPT,buy,55,81.9,11.185992788874826
TC001_173_2,C001,2024-03-12 11:10:00,BCM,buy,66,66.6,5.993870451444983
TC001_173_3,C001,2024-03-12 11:13:00,DCM,buy,80,31.37,6.01664649166823
TC001_173_4,C001,2024-03-12 14:52:00,FPT,sell,25,82.98,3.411027962111295
TC001_173_close,C001,2024-03-12 14:04:00,BCM,sell,121,63.18,14.588173860593322
TC001_173_close,C001,2024-03-12 14:25:00,DCM,sell,80,30.46,9.075273895640839
TC001_174_0,C001,2024-03-13 10:40:00,VGC,buy,42,54.57,5.28095219231588
TC001_174_1,C001,2024-03-13 09:07:00,DCM,buy,42,32.58,2.63809357582357
TC001_174_2,C001,2024-03-13 11:00:00,BCM,buy,19,67.0,1.2781494282028127
TC001_174_3,C001,2024-03-13 14:39:00,BCM,sell,2,65.02,0.3678809845586143
TC001_174_4,C001,2024-03-13 14:01:00,DCM,sell,17,32.36,0.7771320304108462
TC001_174_close,C001,2024-03-13 14:41:00,VGC,sell,42,52.12,4.432968093802391
TC001_175_0,C001,2024-03-14 10:40:00,VGC,buy,75,54.76,16.674915992066474
TC001_175_1,C001,2024-03-14 11:02:00,BCM,buy,72,63.86,9.223744867729792
TC001_175_2,C001,2024-03-14 09:21:00,BCM,buy,27,65.74,7.146369221918956
TC001_175_6,C001,2024-03-14 13:13:00,BCM,sell,99,65.06,8.14482727635823
TC001_175_close,C001,2024-03-14 13:01:00,VGC,sell,75,54.97,7.912524009379316
TC001_176_0,C001,2024-03-15 10:08:00,NKG,buy,17,19.03,1.3340599874221504
TC001_176_1,C001,2024-03-15 10:51:00,DCM,buy,20,31.82,0.6840512530397515
TC001_176_2,C001,2024-03-15 11:21:00,DCM,buy,61,30.36,5.530142531257809
TC001_176_close,C001,2024-03-15 14:43:00,NKG,sell,17,17.95,1.1795405708855826
TC001_176_close,C001,2024-03-15 13:52:00,DCM,sell,81,34.62,9.549259261445972
TC001_177_0,C001,2024-03-18 09:58:00,VGC,buy,28,53.46,1.952474370941673
TC001_177_1,C001,2024-03-18 10:48:00,BCM,buy,27,65.31,1.977144672514853
TC001_177_2,C001,2024-03-18 10:26:00,BCM,buy,66,62.55,7.880204593038154
TC001_177_4,C001,2024-03-18 14:08:00,BCM,sell,17,63.97,4.403576533945053
TC001_177_close,C001,2024-03-18 14:49:00,VGC,sell,28,54.18,3.7742315603424217
TC001_178_0,C001,2024-03-19 09:57:00,NKG,buy,44,19.62,3.5509363878079143
TC001_178_1,C001,2024-03-19 11:29:00,NKG,buy,60,19.84,3.685174967957488
TC001_178_2,C001,2024-03-19 09:07:00,BCM,buy,78,62.35,12.839561802599203
TC001_178_3,C001,2024-03-19 10:04:00,DCM,buy,21,30.48,1.685420281405633
TC001_178_4,C001,2024-03-19 11:24:00,VGC,buy,24,52.72,4.265065819807059
TC001_178_5,C001,2024-03-19 14:59:00,DCM,sell,21,32.05,2.5012350822327987
TC001_178_7,C001,2024-03-19 14:05:00,VGC,sell,5,53.4,0.4431114264636528
TC001_178_8,C001,2024-03-19 13:15:00,NKG,sell,68,20.95,2.424042692047309
TC001_178_close,C001,2024-03-19 13:13:00,BCM,sell,78,58.88,17.90534175491189
TC001_179_0,C001,2024-03-20 09:41:00,NKG,buy,55,16.07,2.3476235811088486
TC001_179_1,C001,2024-03-20 09:21:00,NKG,buy,73,19.58,3.26711483731931
TC001_179_2,C001,2024-03-20 10:41:00,BCM,buy,10,62.94,2.1246912995971963
TC001_179_3,C001,2024-03-20 10:24:00,VGC,buy,24,54.02,4.789357645460006
TC001_179_4,C001,2024-03-20 11:17:00,DCM,buy,40,30.79,1.9873496561550008
TC001_179_7,C001,2024-03-20 13:56:00,DCM,sell,40,32.14,3.0989271182125795
TC001_179_close,C001,2024-03-20 13:41:00,NKG,sell,128,20.41,10.38458345217483
TC001_179_close,C001,2024-03-20 14:04:00,BCM,sell,10,63.15,2.6866291620760374
TC001_179_close,C001,2024-03-20 13:38:00,VGC,sell,24,50.46,3.4522192421403846
TC001_180_0,C001,2024-03-21 09:01:00,BCM,buy,11,63.61,1.5625475110858251
TC001_180_1,C001,2024-03-21 10:51:00,BCM,buy,59,65.15,10.610301015116118
TC001_180_2,C001,2024-03-21 10:10:00,FPT,buy,59,85.05,16.16401182869429
TC001_180_3,C001,2024-03-21 11:26:00,VGC,buy,41,54.57,10.423866631546662
TC001_180_5,C001,2024-03-21 14:08:00,BCM,sell,70,61.19,6.058339956717361
TC001_180_6,C001,2024-03-21 13:28:00,FPT,sell,6,83.78,2.3010773308457866
TC001_180_close,C001,2024-03-21 14:31:00,VGC,sell,41,56.0,10.52774667723983
TC001_181_0,C001,2024-03-22 09:27:00,NKG,buy,27,17.23,1.600256248817493
TC001_181_1,C001,2024-03-22 10:20:00,VGC,buy,44,54.02,4.147518598101404
TC001_181_2,C001,2024-03-22 11:26:00,FPT,buy,21,84.1,1.8978669041153593
TC001_181_3,C001,2024-03-22 10:22:00,NKG,buy,38,17.45,0.7721342215933367
TC001_181_4,C001,2024-03-22 10:41:00,NKG,buy,66,20.64,5.022311016852841
TC001_181_5,C001,2024-03-22 09:09:00,NKG,buy,31,19.85,1.4128412570892386
TC001_181_6,C001,2024-03-22 09:18:00,BCM,buy,77,63.61,19.95445376433193
TC001_181_7,C001,2024-03-22 14:57:00,BCM,sell,29,66.36,4.2239575434539365
TC001_181_9,C001,2024-03-22 14:06:00,VGC,sell,12,51.86,1.2141053561542847
TC001_181_10,C001,2024-03-22 14:22:00,NKG,sell,79,21.49,2.471789089494947
TC001_181_14,C001,2024-03-22 13:57:00,FPT,sell,4,84.04,1.4024739520125087
TC001_182_0,C001,2024-03-25 11:07:00,BCM,buy,73,64.73,17.962173364288113
TC001_182_1,C001,2024-03-25 09:34:00,VGC,buy,49,52.91,4.054237056302616
TC001_182_2,C001,2024-03-25 09:44:00,NKG,buy,57,18.98,4.382364786078995
TC001_182_3,C001,2024-03-25 09:19:00,NKG,buy,35,19.69,3.2694435640573416
TC001_182_4,C001,2024-03-25 11:22:00,BCM,buy,33,66.52,3.189748534677506
TC001_182_5,C001,2024-03-25 09:52:00,BCM,buy,73,63.03,4.9761045998976385
TC001_182_6,C001,2024-03-25 14:43:00,BCM,sell,22,59.5,2.962886852629323
TC001_182_7,C001,2024-03-25 13:38:00,NKG,sell,62,19.53,3.534413055433362
TC001_182_close,C001,2024-03-25 14:51:00,VGC,sell,49,53.39,13.058726776773769
TC001_183_0,C001,2024-03-26 09:00:00,FPT,buy,30,84.17,9.313592139795913
TC001_183_1,C001,2024-03-26 10:13:00,VGC,buy,61,54.48,10.193695668934353
TC001_183_2,C001,2024-03-26 09:39:00,FPT,buy,78,85.38,30.418373266851987
TC001_183_close,C001,2024-03-26 14:51:00,FPT,sell,108,86.59,40.404806202894385
TC001_183_close,C001,2024-03-26 14:07:00,VGC,sell,61,51.02,11.306292733659166
TC001_184_0,C001,2024-03-27 10:55:00,NKG,buy,24,20.24,1.2060987543349881
TC001_184_1,C001,2024-03-27 11:04:00,FPT,buy,12,84.32,4.711532753025193
TC001_184_2,C001,2024-03-27 10:16:00,DCM,buy,26,31.51,1.0754099184314023
TC001_184_3,C001,2024-03-27 10:04:00,VGC,buy,62,54.39,4.205121792025922
TC001_184_5,C001,2024-03-27 14:13:00,VGC,sell,41,50.92,3.8313051932647815
TC001_184_7,C001,2024-03-27 13:23:00,FPT,sell,3,82.42,0.9459407774462302
TC001_184_close,C001,2024-03-27 13:39:00,NKG,sell,24,19.57,1.0621467371425188
TC001_184_close,C001,2024-03-27 13:52:00,DCM,sell,26,33.55,3.007381686015885
TC001_185_0,C001,2024-03-28 11:11:00,VGC,buy,34,54.94,2.660966914713264
TC001_185_1,C001,2024-03-28 11:24:00,BCM,buy,11,60.6,2.2507236960493042
TC001_185_2,C001,2024-03-28 10:49:00,BCM,buy,15,63.23,2.614443058496179
TC001_185_3,C001,2024-03-28 10:52:00,DCM,buy,62,31.87,7.269087402566088
TC001_185_4,C001,2024-03-28 13:25:00,BCM,sell,26,61.26,6.161117123793212
TC001_185_6,C001,2024-03-28 14:33:00,VGC,sell,14,57.28,2.8207077954491773
TC001_185_7,C001,2024-03-28 13:35:00,DCM,sell,7,30.49,0.5849776549073528
TC001_186_0,C001,2024-03-29 10:25:00,NKG,buy,10,19.97,0.7514083311156453
TC001_186_1,C001,2024-03-29 09:37:00,BCM,buy,77,62.84,9.973682168687487
TC001_186_2,C001,2024-03-29 11:28:00,BCM,buy,32,59.06,5.807350266610506
TC001_186_3,C001,2024-03-29 09:18:00,DCM,buy,28,31.51,1.7765180984090265
TC001_186_5,C001,2024-03-29 13:50:00,DCM,sell,28,34.77,3.170991158061284
TC001_186_close,C001,2024-03-29 13:26:00,NKG,sell,10,23.07,0.790254679579761
TC001_186_close,C001,2024-03-29 13:55:00,BCM,sell,109,59.45,27.78115894092902
TC001_187_0,C001,2024-04-01 09:52:00,NKG,buy,55,20.04,4.542336425336889
TC001_187_1,C001,2024-04-01 10:21:00,VGC,buy,43,54.29,8.368809469965427
TC001_187_2,C001,2024-04-01 11:17:00,BCM,buy,21,62.26,5.249075407737484
TC001_187_3,C001,2024-04-01 11:22:00,VGC,buy,65,57.64,9.776932059214777
TC001_187_5,C001,2024-04-01 13:10:00,VGC,sell,73,56.73,20.670282356430842
TC001_187_6,C001,2024-04-01 13:04:00,BCM,sell,21,63.5,4.296498190111641
TC001_187_close,C001,2024-04-01 13:26:00,NKG,sell,55,18.47,3.8786951897267286
TC001_188_0,C001,2024-04-02 11:24:00,NKG,buy,31,18.94,0.7920559920314478
TC001_188_1,C001,2024-04-02 10:14:00,DCM,buy,25,31.15,2.2501243919356058
TC001_188_2,C001,2024-04-02 10:03:00,FPT,buy,70,85.64,29.38211229840706
TC001_188_3,C001,2024-04-02 10:08:00,VGC,buy,65,54.29,9.27195535208768
TC001_188_4,C001,2024-04-02 10:34:00,NKG,buy,73,20.35,2.5168318445196642
TC001_188_5,C001,2024-04-02 13:09:00,VGC,sell,65,57.34,9.075365648998412
TC001_188_6,C001,2024-04-02 14:36:00,FPT,sell,70,84.52,7.707688903517466
TC001_188_close,C001,2024-04-02 13:50:00,NKG,sell,104,22.76,4.845192181968774
TC001_188_close,C001,2024-04-02 13:20:00,DCM,sell,25,30.58,2.301686916407718
TC001_189_0,C001,2024-04-03 10:18:00,FPT,buy,23,84.72,6.406017022753882
TC001_189_1,C001,2024-04-03 09:16:00,FPT,buy,56,84.25,17.269322664366925
TC001_189_2,C001,2024-04-03 09:17:00,BCM,buy,17,62.35,2.6208886732279355
TC001_189_3,C001,2024-04-03 09:40:00,VGC,buy,80,53.65,7.317093752868662
TC001_189_4,C001,2024-04-03 09:54:00,BCM,buy,55,64.81,7.415393043047799
TC001_189_5,C001,2024-04-03 14:08:00,VGC,sell,22,53.36,3.7822004784564354
TC001_189_9,C001,2024-04-03 14:50:00,FPT,sell,21,80.67,7.7786672718797645
TC001_189_10,C001,2024-04-03 13:24:00,BCM,sell,46,61.28,11.29630558623184
TC001_190_0,C001,2024-04-04 10:25:00,NKG,buy,60,16.51,4.872427293403681
TC001_190_1,C001,2024-04-04 09:47:00,NKG,buy,18,16.24,1.3439026989353489
TC001_190_2,C001,2024-04-04 11:09:00,NKG,buy,73,20.45,6.089047560185177
TC001_190_3,C001,2024-04-04 11:18:00,NKG,buy,66,19.72,3.1904106294417742
TC001_190_4,C001,2024-04-04 09:09:00,FPT,buy,17,83.44,7.043903937704243
TC001_190_5,C001,2024-04-04 11:24:00,FPT,buy,28,80.51,4.477074019107503
TC001_190_6,C001,2024-04-04 09:01:00,NKG,buy,58,19.58,5.347320836284038
TC001_190_7,C001,2024-04-04 13:59:00,NKG,sell,81,18.81,6.3142558570729355
TC001_190_11,C001,2024-04-04 14:21:00,FPT,sell,29,81.36,8.226289604758813
TC001_191_0,C001,2024-04-05 11:14:00,BCM,buy,31,60.61,6.621146918283386
TC001_191_1,C001,2024-04-05 09:33:00,FPT,buy,55,83.22,6.657272871001802
TC001_191_2,C001,2024-04-05 10:32:00,DCM,buy,57,30.75,3.7992980397865015
TC001_191_4,C001,2024-04-05 13:58:00,DCM,sell,23,28.89,0.7686235474940455
TC001_191_6,C001,2024-04-05 13:30:00,BCM,sell,13,63.95,2.8996255024364608
TC001_191_close,C001,2024-04-05 13:06:00,FPT,sell,55,80.56,17.27654976941349
TC001_192_0,C001,2024-04-08 11:27:00,DCM,buy,73,30.03,2.528885364923179
TC001_192_1,C001,2024-04-08 11:20:00,BCM,buy,42,59.86,3.815091273949919
TC001_192_2,C001,2024-04-08 11:01:00,NKG,buy,46,19.15,2.9806308744218466
TC001_192_3,C001,2024-04-08 11:11:00,BCM,buy,14,60.03,1.797520290946536
TC001_192_4,C001,2024-04-08 11:19:00,NKG,buy,19,22.75,1.840487392810682
TC001_192_5,C001,2024-04-08 11:21:00,BCM,buy,56,57.87,9.84526056300002
TC001_192_8,C001,2024-04-08 14:06:00,DCM,sell,40,30.09,5.682410604862314
TC001_192_9,C001,2024-04-08 14:35:00,NKG,sell,30,19.49,2.174301503474107
TC001_192_close,C001,2024-04-08 14:31:00,BCM,sell,112,57.09,26.409606387930886
TC001_193_0,C001,2024-04-09 11:02:00,DCM,buy,72,30.25,2.928719933468316
TC001_193_1,C001,2024-04-09 09:10:00,FPT,buy,57,82.71,7.557537624540529
TC001_193_2,C001,2024-04-09 11:01:00,VGC,buy,78,52.07,14.103766829690457
TC001_193_3,C001,2024-04-09 10:48:00,FPT,buy,44,80.44,14.821769148582455
TC001_193_4,C001,2024-04-09 09:48:00,FPT,buy,19,81.96,7.304684140585728
TC001_193_5,C001,2024-04-09 11:21:00,NKG,buy,16,19.54,1.4143442517003635
TC001_193_6,C001,2024-04-09 11:29:00,VGC,buy,11,48.51,1.0938360780894563
TC001_193_8,C001,2024-04-09 14:14:00,FPT,sell,120,85.07,48.79424270039433
TC001_193_9,C001,2024-04-09 13:38:00,VGC,sell,54,49.33,3.9935236104969056
TC001_193_11,C001,2024-04-09 13:59:00,NKG,sell,5,18.38,0.33878274873452224
TC001_193_close,C001,2024-04-09 14:10:00,DCM,sell,72,28.02,8.606473654241816
TC001_194_0,C001,2024-04-10 11:01:00,NKG,buy,16,21.75,1.3896811342484399
TC001_194_1,C001,2024-04-10 11:29:00,DCM,buy,30,27.39,1.9575335803964644
TC001_194_2,C001,2024-04-10 10:31:00,NKG,buy,25,19.3,0.6781755485543046
TC001_194_3,C001,2024-04-10 11:09:00,NKG,buy,44,19.83,4.1174924245935
TC001_194_4,C001,2024-04-10 09:34:00,DCM,buy,33,29.94,1.3313920921938
TC001_194_5,C001,2024-04-10 10:52:00,FPT,buy,18,83.3,2.1131592612406562
TC001_194_6,C001,2024-04-10 09:59:00,VGC,buy,50,51.8,11.857801727123602
TC001_194_10,C001,2024-04-10 13:38:00,FPT,sell,18,82.08,7.167192881392812
TC001_194_12,C001,2024-04-10 14:24:00,DCM,sell,63,27.42,2.439345871195025
TC001_194_14,C001,2024-04-10 13:19:00,VGC,sell,25,49.05,1.8258834703072777
TC001_194_close,C001,2024-04-10 14:22:00,NKG,sell,85,21.49,4.199861558775404
TC001_195_0,C001,2024-04-11 09:48:00,NKG,buy,11,20.04,0.6667219183677491
TC001_195_1,C001,2024-04-11 11:16:00,BCM,buy,19,58.38,4.580637044482722
TC001_195_2,C001,2024-04-11 09:34:00,VGC,buy,70,51.8,4.402017934490236
TC001_195_3,C001,2024-04-11 10:41:00,FPT,buy,55,84.1,21.798199104201757
TC001_195_4,C001,2024-04-11 13:54:00,BCM,sell,19,57.63,1.9853835506566
TC001_195_6,C001,2024-04-11 14:40:00,NKG,sell,4,21.14,0.21424082012548226
TC001_195_close,C001,2024-04-11 14:52:00,VGC,sell,70,51.21,17.8353601779729
TC001_195_close,C001,2024-04-11 13:52:00,FPT,sell,55,83.36,5.2913482522442035
TC001_196_0,C001,2024-04-12 10:42:00,VGC,buy,65,48.98,14.880475215372474
TC001_196_1,C001,2024-04-12 10:32:00,BCM,buy,36,59.06,6.143212849885541
TC001_196_2,C001,2024-04-12 11:23:00,VGC,buy,15,54.89,4.001953584192734
TC001_196_3,C001,2024-04-12 09:31:00,VGC,buy,52,52.44,2.8891688225816887
TC001_196_4,C001,2024-04-12 09:42:00,VGC,buy,79,50.88,7.798102923949726
TC001_196_5,C001,2024-04-12 11:30:00,FPT,buy,19,84.54,6.567550542737408
TC001_196_7,C001,2024-04-12 13:36:00,FPT,sell,19,85.03,1.6804862519971064
TC001_196_9,C001,2024-04-12 13:15:00,VGC,sell,211,51.36,28.905890424070005
TC001_196_11,C001,2024-04-12 13:49:00,BCM,sell,6,55.36,1.1222772850179539
TC001_197_0,C001,2024-04-15 09:49:00,DCM,buy,46,28.06,2.5792561482133003
TC001_197_1,C001,2024-04-15 09:38:00,BCM,buy,29,55.0,5.520571954744809
TC001_197_2,C001,2024-04-15 10:22:00,VGC,buy,11,51.2,2.6406952316614074
TC001_197_3,C001,2024-04-15 10:16:00,VGC,buy,35,48.84,8.373236203781872
TC001_197_8,C001,2024-04-15 14:49:00,DCM,sell,24,24.94,1.349479497417803
TC001_197_close,C001,2024-04-15 13:17:00,BCM,sell,29,58.75,7.4315075662411125
TC001_197_close,C001,2024-04-15 14:17:00,VGC,sell,46,52.2,8.657204374220463
TC001_198_0,C001,2024-04-16 10:45:00,VGC,buy,10,51.12,1.4087970392158717
TC001_198_1,C001,2024-04-16 09:40:00,NKG,buy,16,18.41,0.6937085922734203
TC001_198_2,C001,2024-04-16 11:29:00,DCM,buy,54,28.37,4.985283204126147
TC001_198_3,C001,2024-04-16 10:42:00,BCM,buy,42,53.83,3.156531363028414
TC001_198_4,C001,2024-04-16 11:24:00,VGC,buy,51,47.89,9.319316940694554
TC001_198_5,C001,2024-04-16 09:41:00,VGC,buy,33,47.82,3.7501677808009215
TC001_198_6,C001,2024-04-16 14:38:00,BCM,sell,8,54.23,0.6337616519171104
TC001_198_7,C001,2024-04-16 14:30:00,DCM,sell,37,31.11,5.378207770917242
TC001_198_9,C001,2024-04-16 14:17:00,NKG,sell,16,18.16,1.3003884847345724
TC001_198_close,C001,2024-04-16 14:11:00,VGC,sell,94,51.35,21.54106249419996
TC001_199_0,C001,2024-04-17 11:17:00,BCM,buy,16,52.58,2.758549190027517
TC001_199_1,C001,2024-04-17 11:30:00,BCM,buy,26,51.76,4.873833565013565
TC001_199_2,C001,2024-04-17 10:07:00,NKG,buy,31,17.9,0.7159425450742549
TC001_199_3,C001,2024-04-17 11:12:00,FPT,buy,35,81.83,11.62914420219444
TC001_199_4,C001,2024-04-17 11:20:00,FPT,buy,11,84.8,4.181587008575955
TC001_199_5,C001,2024-04-17 10:04:00,VGC,buy,62,47.36,4.250036865930287
TC001_199_6,C001,2024-04-17 13:51:00,NKG,sell,4,20.57,0.361670490336169
TC001_199_7,C001,2024-04-17 14:07:00,VGC,sell,37,47.89,6.178522094048262
TC001_199_close,C001,2024-04-17 14:58:00,BCM,sell,42,52.13,7.9127295577773245
TC001_199_close,C001,2024-04-17 14:35:00,FPT,sell,46,82.92,15.165089491384647
TC001_200_0,C001,2024-04-19 10:23:00,VGC,buy,26,45.51,2.269503975896864
TC001_200_1,C001,2024-04-19 11:26:00,BCM,buy,70,51.91,3.7228124567559595
TC001_200_2,C001,2024-04-19 11:05:00,BCM,buy,34,49.96,4.721260086697076
TC001_200_3,C001,2024-04-19 11:13:00,NKG,buy,13,17.09,0.8079142732020507
TC001_200_6,C001,2024-04-19 14:45:00,BCM,sell,16,51.69,0.8321159781487699
TC001_200_close,C001,2024-04-19 13:08:00,VGC,sell,26,45.08,1.298928889013084
TC001_200_close,C001,2024-04-19 14:23:00,NKG,sell,13,20.52,1.0854608081933579
TC001_201_0,C001,2024-04-22 09:10:00,FPT,buy,37,84.43,11.777727570481087
TC001_201_1,C001,2024-04-22 11:05:00,DCM,buy,60,27.43,2.6542044486545255
TC001_201_2,C001,2024-04-22 11:10:00,NKG,buy,24,17.79,0.7315326413287253
TC001_201_3,C001,2024-04-22 09:05:00,FPT,buy,75,80.73,13.777025043757043
TC001_201_4,C001,2024-04-22 09:25:00,VGC,buy,31,46.15,5.070721199660041
TC001_201_5,C001,2024-04-22 11:01:00,FPT,buy,54,83.15,20.45102671869601
TC001_201_6,C001,2024-04-22 13:04:00,VGC,sell,31,48.93,2.5833496876685054
TC001_201_8,C001,2024-04-22 14:16:00,DCM,sell,24,27.21,1.5041754441327302
TC001_201_9,C001,2024-04-22 14:49:00,FPT,sell,93,80.57,36.007764857466114
TC001_201_close,C001,2024-04-22 14:34:00,NKG,sell,24,17.26,1.389429705872645
TC001_202_0,C001,2024-04-23 11:00:00,BCM,buy,29,46.72,5.014513854983304
TC001_202_1,C001,2024-04-23 10:14:00,VGC,buy,77,45.41,12.7720347424385
TC001_202_2,C001,2024-04-23 10:19:00,DCM,buy,60,26.98,5.8318174545111
TC001_202_3,C001,2024-04-23 09:36:00,VGC,buy,27,42.89,5.00599561906114
TC001_202_4,C001,2024-04-23 10:39:00,NKG,buy,31,16.58,1.907392199006475
TC001_202_5,C001,2024-04-23 09:52:00,BCM,buy,30,48.9,6.309089325229443
TC001_202_6,C001,2024-04-23 09:08:00,VGC,buy,70,45.41,11.614145456920586
TC001_202_8,C001,2024-04-23 13:04:00,DCM,sell,60,29.9,4.4633741256537025
TC001_202_12,C001,2024-04-23 13:00:00,NKG,sell,31,12.64,1.2659887445168492
TC001_202_14,C001,2024-04-23 13:31:00,VGC,sell,174,43.87,34.192627008340104
TC001_202_close,C001,2024-04-23 13:53:00,BCM,sell,59,49.12,12.769294381730704
TC001_203_0,C001,2024-04-24 09:05:00,FPT,buy,32,87.91,12.482683144231913
TC001_203_1,C001,2024-04-24 11:18:00,FPT,buy,60,85.41,23.457949477739938
TC001_203_2,C001,2024-04-24 09:55:00,FPT,buy,19,88.9,3.972804295449365
TC001_203_3,C001,2024-04-24 09:57:00,NKG,buy,69,17.4,2.3216099021999574
TC001_203_4,C001,2024-04-24 10:56:00,DCM,buy,42,27.79,3.839311698201123
TC001_203_5,C001,2024-04-24 11:11:00,FPT,buy,23,91.73,5.893863752317543
TC001_203_6,C001,2024-04-24 13:32:00,NKG,sell,40,16.73,1.0852437423389887
TC001_203_8,C001,2024-04-24 13:59:00,DCM,sell,14,30.42,1.9576806777840827
TC001_203_close,C001,2024-04-24 14:01:00,FPT,sell,134,89.85,51.52189846593698
TC001_204_0,C001,2024-04-25 10:56:00,DCM,buy,40,27.47,1.7712459595073644
TC001_204_1,C001,2024-04-25 09:58:00,NKG,buy,50,17.12,3.600057038764564
TC001_204_2,C001,2024-04-25 11:26:00,DCM,buy,53,26.79,1.6155137875616974
TC001_204_3,C001,2024-04-25 13:39:00,DCM,sell,93,28.07,3.1480227212524197
TC001_204_close,C001,2024-04-25 13:53:00,NKG,sell,50,20.89,5.0934536410888365
TC001_205_0,C001,2024-04-26 10:01:00,BCM,buy,29,50.74,5.8845205857102325
TC001_205_1,C001,2024-04-26 11:01:00,NKG,buy,54,17.05,4.519331069715828
TC001_205_4,C001,2024-04-26 14:19:00,BCM,sell,13,50.28,1.6679974707167906
TC001_205_close,C001,2024-04-26 13:35:00,NKG,sell,54,14.79,3.940610814562686
TC001_206_0,C001,2024-05-02 09:07:00,BCM,buy,44,52.28,10.580241394026535
TC001_206_1,C001,2024-05-02 10:47:00,VGC,buy,80,48.0,13.80417450765882
TC001_206_3,C001,2024-05-02 14:38:00,VGC,sell,40,44.43,1.9977879013568702
TC001_206_close,C001,2024-05-02 13:42:00,BCM,sell,44,48.32,8.169529515636587
TC001_207_0,C001,2024-05-03 09:57:00,DCM,buy,61,28.68,8.473390495240686
TC001_207_1,C001,2024-05-03 10:15:00,VGC,buy,36,47.54,4.535123521003496
TC001_207_2,C001,2024-05-03 10:01:00,NKG,buy,67,17.75,5.839896901176445
TC001_207_3,C001,2024-05-03 10:41:00,FPT,buy,21,92.15,7.008487812885419
TC001_207_4,C001,2024-05-03 10:02:00,DCM,buy,47,28.42,5.08199070732489
TC001_207_5,C001,2024-05-03 11:26:00,DCM,buy,65,31.91,7.301271880536785
TC001_207_6,C001,2024-05-03 14:19:00,FPT,sell,11,91.9,4.664618570921494
TC001_207_7,C001,2024-05-03 13:09:00,VGC,sell,7,50.69,1.495292636148253
TC001_207_9,C001,2024-05-03 14:36:00,DCM,sell,22,30.72,2.0896109128560503
TC001_207_10,C001,2024-05-03 13:49:00,NKG,sell,21,16.42,0.7944054807909761
TC001_208_0,C001,2024-05-06 11:26:00,VGC,buy,34,48.65,4.354922266460262
TC001_208_1,C001,2024-05-06 11:09:00,FPT,buy,70,91.91,15.960928909985899
TC001_208_2,C001,2024-05-06 11:11:00,NKG,buy,65,20.17,2.345992498777698
TC001_208_3,C001,2024-05-06 09:59:00,DCM,buy,48,29.4,5.788836100794066
TC001_208_4,C001,2024-05-06 09:37:00,NKG,buy,23,18.21,0.9191964690190583
TC001_208_5,C001,2024-05-06 10:16:00,FPT,buy,70,93.4,10.046227798317572
TC001_208_6,C001,2024-05-06 13:28:00,VGC,sell,14,47.95,1.808002818862608
TC001_208_7,C001,2024-05-06 13:33:00,DCM,sell,48,31.33,3.689953582253958
TC001_208_8,C001,2024-05-06 14:15:00,FPT,sell,95,92.83,36.34503635410422
TC001_208_close,C001,2024-05-06 13:11:00,NKG,sell,88,16.41,5.87494658977813
TC001_209_0,C001,2024-05-07 11:25:00,FPT,buy,35,99.3,9.275377517442163
TC001_209_1,C001,2024-05-07 11:07:00,DCM,buy,39,33.7,3.6091145908314606
TC001_209_2,C001,2024-05-07 11:29:00,DCM,buy,55,31.39,5.826459730588238
TC001_209_3,C001,2024-05-07 10:56:00,FPT,buy,12,96.1,2.834583998987858
TC001_209_4,C001,2024-05-07 10:36:00,DCM,buy,30,29.85,0.9217771213800688
TC001_209_5,C001,2024-05-07 10:59:00,BCM,buy,73,53.06,6.761395056967849
TC001_209_6,C001,2024-05-07 14:50:00,DCM,sell,66,32.66,6.093991234710262
TC001_209_7,C001,2024-05-07 14:21:00,FPT,sell,18,99.26,3.0447364106054566
TC001_209_8,C001,2024-05-07 14:01:00,BCM,sell,73,50.93,16.901225693249557
TC001_210_0,C001,2024-05-08 09:56:00,BCM,buy,44,52.77,9.916465275225601
TC001_210_1,C001,2024-05-08 10:42:00,FPT,buy,65,95.88,15.367458162700169
TC001_210_2,C001,2024-05-08 09:42:00,VGC,buy,74,50.55,14.303859792524127
TC001_210_3,C001,2024-05-08 10:55:00,NKG,buy,17,18.49,1.14537475945758
TC001_210_4,C001,2024-05-08 11:30:00,DCM,buy,57,30.61,2.766379047935151
TC001_210_5,C001,2024-05-08 09:04:00,VGC,buy,41,49.3,9.514551239442453
TC001_210_6,C001,2024-05-08 11:05:00,NKG,buy,76,18.35,3.511940146473424
TC001_210_7,C001,2024-05-08 13:10:00,NKG,sell,93,22.34,4.969488553904846
TC001_210_8,C001,2024-05-08 13:00:00,VGC,sell,75,52.64,10.368558729548207
TC001_210_10,C001,2024-05-08 14:13:00,DCM,sell,24,31.52,3.7491452366449964
TC001_210_close,C001,2024-05-08 14:53:00,BCM,sell,44,53.89,11.601384271338446
TC001_210_close,C001,2024-05-08 13:23:00,FPT,sell,65,99.23,11.940821498618705
TC001_211_0,C001,2024-05-09 10:29:00,VGC,buy,30,50.13,2.7651078519362597
TC001_211_1,C001,2024-05-09 11:22:00,DCM,buy,16,30.66,1.0049519303046517
TC001_211_2,C001,2024-05-09 09:32:00,FPT,buy,47,95.37,18.89269236645217
TC001_211_6,C001,2024-05-09 13:04:00,DCM,sell,4,30.05,0.3837396413296599
TC001_211_close,C001,2024-05-09 14:31:00,VGC,sell,30,49.7,3.34190024117464
TC001_211_close,C001,2024-05-09 13:08:00,FPT,sell,47,97.16,13.996100379707599
TC001_212_0,C001,2024-05-10 10:18:00,NKG,buy,39,18.6,3.57830973892526
TC001_212_1,C001,2024-05-10 09:54:00,DCM,buy,21,30.97,2.57923036810246
TC001_212_2,C001,2024-05-10 10:13:00,FPT,buy,43,95.88,16.058271621400966
TC001_212_4,C001,2024-05-10 13:07:00,DCM,sell,11,28.92,0.9577748732659533
TC001_212_close,C001,2024-05-10 14:55:00,NKG,sell,39,18.47,3.377091484821823
TC001_212_close,C001,2024-05-10 13:54:00,FPT,sell,43,96.48,11.138380514229954
TC001_213_0,C001,2024-05-13 11:14:00,FPT,buy,46,94.93,7.860535558317348
TC001_213_1,C001,2024-05-13 11:11:00,DCM,buy,69,30.75,9.829510270550022
TC001_213_2,C001,2024-05-13 14:38:00,DCM,sell,16,30.81,1.9080902866988423
TC001_213_close,C001,2024-05-13 13:55:00,FPT,sell,46,90.95,15.747889354415038
TC001_214_0,C001,2024-05-14 10:27:00,VGC,buy,35,48.11,7.114230909770923
TC001_214_1,C001,2024-05-14 11:11:00,NKG,buy,32,18.72,2.0768617153962485
TC001_214_2,C001,2024-05-14 09:12:00,DCM,buy,15,30.84,1.9028521780209378
TC001_214_3,C001,2024-05-14 10:08:00,VGC,buy,65,47.74,4.389683743702585
TC001_214_4,C001,2024-05-14 10:01:00,VGC,buy,43,49.85,3.5190726708189977
TC001_214_5,C001,2024-05-14 09:36:00,BCM,buy,50,56.54,3.5268120597229196
TC001_214_6,C001,2024-05-14 14:46:00,VGC,sell,55,51.98,13.249377837018821
TC001_214_8,C001,2024-05-14 13:29:00,NKG,sell,32,16.12,1.5554338358807733
TC001_214_12,C001,2024-05-14 14:46:00,DCM,sell,5,30.84,0.35577518106177586
TC001_214_close,C001,2024-05-14 13:06:00,BCM,sell,50,56.14,9.640740284393978
TC001_215_0,C001,2024-05-15 11:21:00,FPT,buy,23,97.68,9.245535752839286
TC001_215_1,C001,2024-05-15 11:27:00,BCM,buy,58,56.74,8.734636035751938
TC001_215_2,C001,2024-05-15 09:40:00,FPT,buy,80,98.15,12.562232803217519
TC001_215_5,C001,2024-05-15 14:42:00,BCM,sell,22,60.22,4.118358344111387
TC001_215_close,C001,2024-05-15 13:16:00,FPT,sell,103,98.61,47.47801358556047
TC001_216_0,C001,2024-05-16 10:56:00,DCM,buy,25,33.26,1.7418540247609182
TC001_216_1,C001,2024-05-16 11:06:00,DCM,buy,52,32.45,3.8089163080194646
TC001_216_2,C001,2024-05-16 11:20:00,VGC,buy,50,50.41,9.642820524350036
TC001_216_3,C001,2024-05-16 11:04:00,FPT,buy,52,99.1,8.815809396128433
TC001_216_4,C001,2024-05-16 11:03:00,NKG,buy,67,19.11,2.7548750753326314
TC001_216_5,C001,2024-05-16 11:20:00,VGC,buy,31,53.0,4.267916783176441
TC001_216_6,C001,2024-05-16 11:05:00,BCM,buy,46,56.25,5.716371645672546
TC001_216_8,C001,2024-05-16 14:12:00,BCM,sell,10,58.34,0.6256829664865863
TC001_216_9,C001,2024-05-16 13:19:00,VGC,sell,81,48.69,18.764723553518024
TC001_216_10,C001,2024-05-16 14:51:00,FPT,sell,34,97.45,12.211224665913322
TC001_216_12,C001,2024-05-16 14:41:00,NKG,sell,67,15.56,1.861828780952959
TC001_216_close,C001,2024-05-16 14:21:00,DCM,sell,77,29.55,7.70243710276543
TC001_217_0,C001,2024-05-17 10:21:00,NKG,buy,68,19.3,1.598974620289373
TC001_217_1,C001,2024-05-17 11:09:00,FPT,buy,49,98.45,18.388593697990313
TC001_217_3,C001,2024-05-17 13:19:00,NKG,sell,68,16.12,1.8359871174180908
TC001_217_close,C001,2024-05-17 13:54:00,FPT,sell,49,100.59,23.490732573103916
TC001_218_0,C001,2024-05-20 11:13:00,FPT,buy,57,99.77,26.41975731837108
TC001_218_1,C001,2024-05-20 09:20:00,BCM,buy,60,60.9,7.845238145906526
TC001_218_2,C001,2024-05-20 09:26:00,FPT,buy,48,97.35,21.856751605354315
TC001_218_3,C001,2024-05-20 09:35:00,VGC,buy,32,50.87,4.632686717938358
TC001_218_4,C001,2024-05-20 11:24:00,NKG,buy,14,15.92,0.4687589666905354
TC001_218_5,C001,2024-05-20 10:38:00,NKG,buy,12,19.62,0.28607460404228097
TC001_218_6,C001,2024-05-20 11:03:00,FPT,buy,56,94.02,6.164473052057447
TC001_218_7,C001,2024-05-20 13:33:00,BCM,sell,41,62.1,5.922488726676205
TC001_218_8,C001,2024-05-20 13:20:00,FPT,sell,86,98.6,21.94447576246525
TC001_218_10,C001,2024-05-20 13:17:00,NKG,sell,16,15.99,0.8338688856755052
TC001_218_close,C001,2024-05-20 14:00:00,VGC,sell,32,52.83,3.7395677830997895
TC001_219_0,C001,2024-05-21 10:52:00,FPT,buy,38,99.61,15.915945719458392
TC001_219_1,C001,2024-05-21 11:08:00,BCM,buy,61,62.26,4.418511694657666
TC001_219_2,C001,2024-05-21 10:42:00,FPT,buy,14,101.77,5.912276916771139
TC001_219_3,C001,2024-05-21 10:35:00,FPT,buy,42,99.54,18.12698410388283
TC001_219_6,C001,2024-05-21 13:25:00,BCM,sell,9,59.02,1.9760579291886462
TC001_219_close,C001,2024-05-21 14:55:00,FPT,sell,94,97.74,22.223542486611883
TC001_220_0,C001,2024-05-22 09:41:00,NKG,buy,33,19.38,1.7244691215229353
TC001_220_1,C001,2024-05-22 10:26:00,DCM,buy,33,34.74,1.4940808401558703
TC001_220_2,C001,2024-05-22 10:48:00,DCM,buy,36,34.53,4.123768383516746
TC001_220_3,C001,2024-05-22 13:47:00,NKG,sell,16,18.42,0.3228659294467452
TC001_220_close,C001,2024-05-22 13:21:00,DCM,sell,69,37.51,8.86787676765648
TC001_221_0,C001,2024-05-23 10:38:00,FPT,buy,53,100.64,23.16752276345825
TC001_221_1,C001,2024-05-23 09:04:00,VGC,buy,29,51.7,6.0967413868735
TC001_221_2,C001,2024-05-23 11:07:00,NKG,buy,13,19.93,0.5347327533543487
TC001_221_4,C001,2024-05-23 13:24:00,FPT,sell,53,99.79,14.973761427670299
TC001_221_5,C001,2024-05-23 14:54:00,VGC,sell,29,53.2,5.782657977465023
TC001_221_close,C001,2024-05-23 14:31:00,NKG,sell,13,23.78,0.5938939354627245
TC001_222_0,C001,2024-05-24 09:32:00,FPT,buy,65,96.54,16.280101156975412
TC001_222_1,C001,2024-05-24 09:37:00,NKG,buy,58,19.3,1.982986335612442
TC001_222_2,C001,2024-05-24 10:46:00,BCM,buy,47,59.55,12.089166927297336
TC001_222_3,C001,2024-05-24 13:51:00,BCM,sell,8,59.37,2.039864974642954
TC001_222_close,C001,2024-05-24 13:31:00,FPT,sell,65,98.97,24.720307382869162
TC001_222_close,C001,2024-05-24 14:53:00,NKG,sell,58,15.53,1.499103832985099
TC001_223_0,C001,2024-05-27 10:37:00,FPT,buy,36,94.43,11.187725576487626
TC001_223_1,C001,2024-05-27 09:42:00,FPT,buy,12,97.2,4.423620695335931
TC001_223_2,C001,2024-05-27 10:20:00,NKG,buy,25,17.16,0.6281381280603878
TC001_223_3,C001,2024-05-27 10:09:00,NKG,buy,22,19.38,0.6903758416419029
TC001_223_close,C001,2024-05-27 13:02:00,FPT,sell,48,99.89,13.126694696467574
TC001_223_close,C001,2024-05-27 14:21:00,NKG,sell,47,17.58,1.3248131233958427
TC001_224_0,C001,2024-05-28 10:10:00,BCM,buy,69,59.77,11.502532851622083
TC001_224_1,C001,2024-05-28 10:52:00,BCM,buy,76,64.0,7.126739860131215
TC001_224_2,C001,2024-05-28 11:08:00,VGC,buy,51,53.63,4.658901399543275
TC001_224_3,C001,2024-05-28 09:01:00,BCM,buy,28,60.71,4.8140494025708795
TC001_224_4,C001,2024-05-28 09:22:00,VGC,buy,18,52.35,3.4179428644486065
TC001_224_6,C001,2024-05-28 13:17:00,BCM,sell,61,63.58,8.750437078099898
TC001_224_10,C001,2024-05-28 13:51:00,VGC,sell,10,50.6,1.9976178599830552
TC001_225_0,C001,2024-05-29 10:07:00,VGC,buy,76,51.43,6.464394971973817
TC001_225_1,C001,2024-05-29 11:28:00,FPT,buy,62,99.32,22.87171735756642
TC001_225_2,C001,2024-05-29 10:21:00,DCM,buy,58,34.06,4.884689585488561
TC001_225_close,C001,2024-05-29 13:57:00,VGC,sell,76,52.04,15.753753483961427
TC001_225_close,C001,2024-05-29 14:14:00,FPT,sell,62,97.73,6.303312449998867
TC001_225_close,C001,2024-05-29 13:24:00,DCM,sell,58,30.14,3.890746843200684
TC001_226_0,C001,2024-05-30 09:11:00,FPT,buy,53,98.81,15.3122563680267
TC001_226_1,C001,2024-05-30 09:36:00,DCM,buy,78,33.79,5.0358175243741785
TC001_226_2,C001,2024-05-30 09:42:00,NKG,buy,61,18.95,5.353376814988163
TC001_226_3,C001,2024-05-30 10:04:00,VGC,buy,20,50.87,3.2793277377558057
TC001_226_4,C001,2024-05-30 10:33:00,NKG,buy,77,16.3,4.658236142653579
TC001_226_5,C001,2024-05-30 09:09:00,BCM,buy,11,59.06,1.4673908398826248
TC001_226_6,C001,2024-05-30 14:11:00,NKG,sell,82,18.28,5.074048075413658
TC001_226_8,C001,2024-05-30 13:54:00,FPT,sell,27,99.58,13.315342140703937
TC001_226_11,C001,2024-05-30 13:14:00,DCM,sell,48,35.42,4.9713099992029095
TC001_226_close,C001,2024-05-30 14:38:00,VGC,sell,20,49.59,2.8195528863083554
TC001_226_close,C001,2024-05-30 14:56:00,BCM,sell,11,60.61,1.5029914802376303
TC001_227_0,C001,2024-05-31 10:07:00,FPT,buy,61,98.41,29.410545786799883
TC001_227_1,C001,2024-05-31 09:50:00,FPT,buy,49,98.52,11.510461577183248
TC001_227_2,C001,2024-05-31 11:08:00,VGC,buy,46,50.78,9.44724380115008
TC001_227_3,C001,2024-05-31 09:58:00,BCM,buy,25,58.87,3.453104120988238
TC001_227_4,C001,2024-05-31 10:27:00,FPT,buy,56,94.89,21.045518269203463
TC001_227_5,C001,2024-05-31 10:15:00,DCM,buy,14,33.66,2.245428214997041
TC001_227_6,C001,2024-05-31 11:20:00,DCM,buy,66,36.72,6.847967325719577
TC001_227_8,C001,2024-05-31 14:14:00,FPT,sell,83,101.63,29.095142336498746
TC001_227_12,C001,2024-05-31 13:01:00,DCM,sell,50,29.7,4.527257229942234
TC001_227_close,C001,2024-05-31 13:41:00,VGC,sell,46,54.26,3.8795838547663317
TC001_227_close,C001,2024-05-31 13:55:00,BCM,sell,25,60.39,2.449927156530632
TC001_228_0,C001,2024-06-03 11:10:00,BCM,buy,30,61.0,7.664396990720779
TC001_228_1,C001,2024-06-03 11:19:00,BCM,buy,31,59.78,5.956415664438927
TC001_228_2,C001,2024-06-03 09:16:00,NKG,buy,48,19.34,1.638989722289851
TC001_228_3,C001,2024-06-03 10:45:00,NKG,buy,47,18.29,3.308776430801227
TC001_228_5,C001,2024-06-03 13:21:00,BCM,sell,13,61.3,1.9782978895486536
TC001_228_8,C001,2024-06-03 13:03:00,NKG,sell,38,16.66,2.3685206249874105
TC001_229_0,C001,2024-06-04 10:18:00,NKG,buy,76,19.85,2.5659295599494727
TC001_229_1,C001,2024-06-04 10:57:00,DCM,buy,51,34.6,4.993464961126978
TC001_229_2,C001,2024-06-04 10:37:00,FPT,buy,31,101.81,12.920983978955038
TC001_229_3,C001,2024-06-04 10:32:00,BCM,buy,73,60.32,15.89623587777405
TC001_229_4,C001,2024-06-04 11:20:00,DCM,buy,42,35.25,2.4493767382169374
TC001_229_5,C001,2024-06-04 14:47:00,NKG,sell,76,16.56,5.225204415149795
TC001_229_9,C001,2024-06-04 14:21:00,BCM,sell,24,64.05,6.162967908795794
TC001_229_10,C001,2024-06-04 13:15:00,FPT,sell,31,104.8,3.758952177636877
TC001_229_close,C001,2024-06-04 13:05:00,DCM,sell,93,34.05,15.61335641458454
TC001_230_0,C001,2024-06-05 11:23:00,DCM,buy,20,34.06,2.9043700702230564
TC001_230_1,C001,2024-06-05 11:18:00,VGC,buy,24,52.91,4.861219666325975
TC001_230_2,C001,2024-06-05 09:50:00,VGC,buy,55,51.15,12.494202278895381
TC001_230_3,C001,2024-06-05 10:09:00,FPT,buy,28,102.54,5.8624297409638615
TC001_230_4,C001,2024-06-05 10:43:00,NKG,buy,33,19.85,2.067782425380095
TC001_230_5,C001,2024-06-05 11:09:00,VGC,buy,68,50.74,7.4295927610682355
TC001_230_7,C001,2024-06-05 14:36:00,VGC,sell,22,53.8,3.669362096580278
TC001_230_8,C001,2024-06-05 14:42:00,NKG,sell,6,21.93,0.5618179105877132
TC001_230_11,C001,2024-06-05 13:22:00,FPT,sell,12,103.07,3.5295798954416924
TC001_230_close,C001,2024-06-05 13:34:00,DCM,sell,20,38.05,2.958810946741911
TC001_231_0,C001,2024-06-06 09:57:00,NKG,buy,37,20.0,2.469197118359159
TC001_231_1,C001,2024-06-06 11:24:00,DCM,buy,40,33.99,6.101270103895076
TC001_231_2,C001,2024-06-06 10:07:00,NKG,buy,41,17.88,3.362980030899451
TC001_231_3,C001,2024-06-06 10:28:00,DCM,buy,10,34.38,1.1882150182530018
TC001_231_4,C001,2024-06-06 10:57:00,FPT,buy,46,102.18,11.570347545348953
TC001_231_5,C001,2024-06-06 11:30:00,NKG,buy,69,18.86,6.408021964213395
TC001_231_6,C001,2024-06-06 10:44:00,VGC,buy,54,50.41,10.350850338964749
TC001_231_11,C001,2024-06-06 14:41:00,VGC,sell,18,53.73,1.1987507518194527
TC001_231_13,C001,2024-06-06 13:59:00,FPT,sell,7,98.22,1.9745274693410428
TC001_231_close,C001,2024-06-06 14:41:00,NKG,sell,147,18.55,4.067678754093952
TC001_231_close,C001,2024-06-06 14:45:00,DCM,sell,50,31.4,1.9001330215852705
TC001_232_0,C001,2024-06-07 11:28:00,FPT,buy,43,103.31,17.922150654546076
TC001_232_1,C001,2024-06-07 09:41:00,BCM,buy,36,59.12,4.729358980573058
TC001_232_2,C001,2024-06-07 09:16:00,BCM,buy,75,62.55,4.790236247678376
TC001_232_3,C001,2024-06-07 11:21:00,VGC,buy,57,50.69,5.994403184115482
TC001_232_4,C001,2024-06-07 11:13:00,FPT,buy,22,103.94,4.69401376076771
TC001_232_5,C001,2024-06-07 10:32:00,NKG,buy,64,20.0,3.8051837372625763
TC001_232_6,C001,2024-06-07 09:34:00,DCM,buy,20,35.05,2.923161322949507
TC001_232_7,C001,2024-06-07 14:34:00,DCM,sell,20,37.28,3.232339594290289
TC001_232_8,C001,2024-06-07 14:18:00,BCM,sell,111,61.19,28.48598544901869
TC001_232_11,C001,2024-06-07 14:04:00,VGC,sell,57,47.18,11.40679605831484
TC001_232_close,C001,2024-06-07 14:56:00,FPT,sell,65,100.42,9.50626610452718
TC001_232_close,C001,2024-06-07 13:10:00,NKG,sell,64,21.59,1.7569756479419438
TC001_233_0,C001,2024-06-10 11:00:00,FPT,buy,19,107.49,4.204060541982239
TC001_233_1,C001,2024-06-10 09:13:00,DCM,buy,27,34.74,4.484339725801559
TC001_233_2,C001,2024-06-10 09:00:00,FPT,buy,56,105.4,28.619464629533226
TC001_233_3,C001,2024-06-10 10:09:00,VGC,buy,19,51.33,3.7654710572545635
TC001_233_4,C001,2024-06-10 10:55:00,FPT,buy,59,107.4,7.878909530665358
TC001_233_7,C001,2024-06-10 14:02:00,DCM,sell,8,34.41,0.9590156236965133
TC001_233_close,C001,2024-06-10 13:35:00,FPT,sell,134,103.78,16.353477633903978
TC001_233_close,C001,2024-06-10 13:31:00,VGC,sell,19,53.29,4.899065371860032
TC001_234_0,C001,2024-06-11 10:43:00,NKG,buy,61,20.67,3.3237999181265123
TC001_234_1,C001,2024-06-11 10:48:00,VGC,buy,47,52.26,11.909520947896063
TC001_234_2,C001,2024-06-11 11:15:00,FPT,buy,71,107.23,30.78462085951993
TC001_234_close,C001,2024-06-11 14:06:00,NKG,sell,61,18.04,4.951723431811761
TC001_234_close,C001,2024-06-11 14:39:00,VGC,sell,47,55.9,5.9945128526893035
TC001_234_close,C001,2024-06-11 14:50:00,FPT,sell,71,105.21,34.62963165157888
TC001_235_0,C001,2024-06-12 11:26:00,FPT,buy,39,108.58,16.015473364865162
TC001_235_1,C001,2024-06-12 11:19:00,BCM,buy,42,62.16,10.735602689442116
TC001_235_2,C001,2024-06-12 11:03:00,FPT,buy,67,111.52,16.46560399427756
TC001_235_3,C001,2024-06-12 11:24:00,NKG,buy,76,21.23,5.35417266488957
TC001_235_4,C001,2024-06-12 09:04:00,NKG,buy,19,20.67,1.8810640048795706
TC001_235_5,C001,2024-06-12 09:47:00,VGC,buy,65,52.35,15.300314748349127
TC001_235_6,C001,2024-06-12 09:01:00,FPT,buy,70,111.89,22.067529040597
TC001_235_7,C001,2024-06-12 14:40:00,VGC,sell,22,55.16,5.829923219707432
TC001_235_8,C001,2024-06-12 14:17:00,NKG,sell,28,21.9,2.2558199717906566
TC001_235_close,C001,2024-06-12 13:38:00,FPT,sell,176,110.69,71.23616396428626
TC001_235_close,C001,2024-06-12 13:38:00,BCM,sell,42,63.85,9.114734262378615
TC001_236_0,C001,2024-06-13 09:36:00,FPT,buy,30,110.2,5.1019804823371455
TC001_236_1,C001,2024-06-13 11:25:00,VGC,buy,60,49.93,11.613478557356299
TC001_236_2,C001,2024-06-13 11:17:00,NKG,buy,23,20.09,2.249559327363858
TC001_236_3,C001,2024-06-13 11:20:00,DCM,buy,13,36.35,0.9592889311753209
TC001_236_4,C001,2024-06-13 09:36:00,NKG,buy,70,20.7,2.4351109432328855
TC001_236_5,C001,2024-06-13 10:23:00,DCM,buy,72,34.96,5.2610940462865585
TC001_236_6,C001,2024-06-13 09:40:00,VGC,buy,39,51.61,2.7460319166974934
TC001_236_7,C001,2024-06-13 14:31:00,VGC,sell,48,52.66,5.592632268549105
TC001_236_8,C001,2024-06-13 14:07:00,NKG,sell,93,19.23,1.8239220802021967
TC001_236_9,C001,2024-06-13 14:52:00,DCM,sell,85,38.03,6.448275675640699
TC001_236_close,C001,2024-06-13 13:31:00,FPT,sell,30,111.31,6.988823850414213
TC001_237_0,C001,2024-06-14 09:57:00,BCM,buy,70,60.8,17.84149682145948
TC001_237_1,C001,2024-06-14 10:58:00,FPT,buy,32,111.04,9.703061514545945
TC001_237_2,C001,2024-06-14 09:53:00,NKG,buy,32,20.0,2.913144701102166
TC001_237_3,C001,2024-06-14 09:55:00,NKG,buy,56,16.09,1.775496380898064
TC001_237_4,C001,2024-06-14 09:59:00,DCM,buy,77,33.61,2.6531838358730937
TC001_237_5,C001,2024-06-14 13:01:00,DCM,sell,23,36.14,3.0886381858537098
TC001_237_close,C001,2024-06-14 13:53:00,BCM,sell,70,58.52,9.711943964442964
TC001_237_close,C001,2024-06-14 14:47:00,FPT,sell,32,111.93,7.547355052690688
TC001_237_close,C001,2024-06-14 14:56:00,NKG,sell,88,18.25,4.909211757235413
TC001_238_0,C001,2024-06-17 09:34:00,FPT,buy,45,109.18,14.466583346761984
TC001_238_1,C001,2024-06-17 10:31:00,FPT,buy,63,109.47,19.21991393531912
TC001_238_close,C001,2024-06-17 14:33:00,FPT,sell,108,109.92,18.593615695386827
TC001_239_0,C001,2024-06-18 10:27:00,NKG,buy,76,20.17,4.054877190706593
TC001_239_1,C001,2024-06-18 09:59:00,VGC,buy,48,50.69,3.9758231422017203
TC001_239_2,C001,2024-06-18 11:25:00,FPT,buy,39,108.5,18.57462129091666
TC001_239_3,C001,2024-06-18 09:31:00,NKG,buy,41,20.7,1.8275289866599866
TC001_239_4,C001,2024-06-18 11:05:00,NKG,buy,64,21.25,3.577231605457833
TC001_239_5,C001,2024-06-18 11:04:00,NKG,buy,79,23.15,8.87311750502569
TC001_239_6,C001,2024-06-18 11:12:00,BCM,buy,45,60.61,10.000522785594987
TC001_239_7,C001,2024-06-18 13:33:00,VGC,sell,11,54.29,1.891511406603301
TC001_239_9,C001,2024-06-18 14:41:00,BCM,sell,25,57.75,6.216907650933592
TC001_239_10,C001,2024-06-18 14:25:00,FPT,sell,25,108.21,8.872520920904227
TC001_239_close,C001,2024-06-18 13:55:00,NKG,sell,260,21.95,22.195434738669384
TC001_240_0,C001,2024-06-19 11:03:00,DCM,buy,22,35.23,2.719575979456501
TC001_240_1,C001,2024-06-19 10:06:00,NKG,buy,30,20.63,2.2974331404695163
TC001_240_2,C001,2024-06-19 09:01:00,VGC,buy,52,50.5,10.092957404695227
TC001_240_3,C001,2024-06-19 09:15:00,FPT,buy,12,111.47,2.991622046026487
TC001_240_4,C001,2024-06-19 10:53:00,VGC,buy,55,49.89,5.177088749214178
TC001_240_5,C001,2024-06-19 11:24:00,DCM,buy,70,36.56,10.195770193459929
TC001_240_7,C001,2024-06-19 14:34:00,FPT,sell,5,108.46,1.541846175252827
TC001_240_9,C001,2024-06-19 14:30:00,DCM,sell,92,35.52,10.432185270240211
TC001_240_10,C001,2024-06-19 13:42:00,NKG,sell,9,23.88,0.29456075328772297
TC001_240_close,C001,2024-06-19 14:18:00,VGC,sell,107,51.36,23.838224252337
TC001_241_0,C001,2024-06-20 09:17:00,NKG,buy,42,20.32,2.445647539975659
TC001_241_1,C001,2024-06-20 09:26:00,DCM,buy,21,35.23,3.3830788956217077
TC001_241_2,C001,2024-06-20 09:55:00,NKG,buy,41,17.92,1.1029658574346257
TC001_241_3,C001,2024-06-20 09:32:00,BCM,buy,63,61.97,15.740869103748901
TC001_241_5,C001,2024-06-20 14:29:00,DCM,sell,7,36.48,0.4960025978912688
TC001_241_close,C001,2024-06-20 13:16:00,NKG,sell,83,20.9,7.47942925287184
TC001_241_close,C001,2024-06-20 13:16:00,BCM,sell,63,58.87,13.398617164534839
TC001_242_0,C001,2024-06-21 11:27:00,VGC,buy,55,49.58,9.969408624421213
TC001_242_1,C001,2024-06-21 11:07:00,DCM,buy,27,38.93,3.422820791189195
TC001_242_2,C001,2024-06-21 11:12:00,NKG,buy,21,19.77,0.957687987099865
TC001_242_3,C001,2024-06-21 11:04:00,DCM,buy,18,33.38,2.697624631629597
TC001_242_4,C001,2024-06-21 10:54:00,DCM,buy,64,35.18,4.961301211469854
TC001_242_5,C001,2024-06-21 11:18:00,NKG,buy,57,16.01,0.9506683862388098
TC001_242_6,C001,2024-06-21 13:05:00,DCM,sell,57,36.58,3.6458442604965704
TC001_242_11,C001,2024-06-21 14:02:00,NKG,sell,16,17.95,0.6345118405037956
TC001_242_close,C001,2024-06-21 13:48:00,VGC,sell,55,49.93,8.680134531160482
TC001_243_0,C001,2024-06-24 10:25:00,VGC,buy,40,49.11,4.546883504407187
TC001_243_1,C001,2024-06-24 09:40:00,FPT,buy,15,111.98,2.1144320953892692
TC001_243_2,C001,2024-06-24 11:14:00,VGC,buy,32,49.04,4.383205794317752
TC001_243_3,C001,2024-06-24 13:44:00,FPT,sell,7,110.2,0.8750350722211521
TC001_243_4,C001,2024-06-24 14:01:00,VGC,sell,10,45.58,1.6647978697267614
TC001_244_0,C001,2024-06-25 09:58:00,FPT,buy,24,111.56,6.328990625807692
TC001_244_1,C001,2024-06-25 10:14:00,DCM,buy,20,34.24,3.1954427792245266
TC001_244_2,C001,2024-06-25 09:24:00,FPT,buy,78,110.2,11.42200621392644
TC001_244_3,C001,2024-06-25 09:39:00,BCM,buy,19,64.97,1.7588512413847461
TC001_244_4,C001,2024-06-25 09:03:00,BCM,buy,66,61.0,5.568660151746114
TC001_244_5,C001,2024-06-25 13:13:00,DCM,sell,5,37.73,0.7703911356924791
TC001_244_8,C001,2024-06-25 13:34:00,BCM,sell,56,57.53,11.851075963105512
TC001_244_9,C001,2024-06-25 14:27:00,FPT,sell,102,113.14,25.21501622698982
TC001_245_0,C001,2024-06-26 09:56:00,NKG,buy,40,22.98,2.3024930741272143
TC001_245_1,C001,2024-06-26 09:08:00,NKG,buy,67,19.38,1.3056516770042779
TC001_245_2,C001,2024-06-26 11:11:00,BCM,buy,60,63.9,17.497239720031224
TC001_245_close,C001,2024-06-26 14:00:00,NKG,sell,107,17.39,3.898659855411155
TC001_245_close,C001,2024-06-26 14:48:00,BCM,sell,60,64.3,13.942822401950211
TC001_246_0,C001,2024-06-27 11:12:00,BCM,buy,30,63.13,4.918276821329722
TC001_246_1,C001,2024-06-27 11:16:00,DCM,buy,45,35.33,7.874793764764853
TC001_246_2,C001,2024-06-27 13:41:00,DCM,sell,23,38.86,1.1218158624276537
TC001_246_close,C001,2024-06-27 13:44:00,BCM,sell,30,61.62,8.007839097279133
TC001_247_0,C001,2024-06-28 09:07:00,VGC,buy,51,48.19,6.321679967314881
TC001_247_1,C001,2024-06-28 10:07:00,FPT,buy,79,110.62,16.463255026511025
TC001_247_2,C001,2024-06-28 10:41:00,DCM,buy,57,34.0,8.621331086442883
TC001_247_3,C001,2024-06-28 11:15:00,FPT,buy,13,107.15,2.6875882001354188
TC001_247_4,C001,2024-06-28 09:45:00,VGC,buy,74,46.42,6.654400025944778
TC001_247_5,C001,2024-06-28 10:15:00,FPT,buy,71,109.61,26.697981126745297
TC001_247_6,C001,2024-06-28 11:07:00,VGC,buy,70,51.7,12.25225634665039
TC001_247_9,C001,2024-06-28 13:56:00,VGC,sell,57,44.99,10.919572512831733
TC001_247_close,C001,2024-06-28 14:52:00,FPT,sell,163,110.41,62.71075908345073
TC001_247_close,C001,2024-06-28 14:55:00,DCM,sell,57,33.27,5.04119709171956
TC001_248_0,C001,2024-07-01 11:01:00,NKG,buy,57,18.64,2.15825457136423
TC001_248_1,C001,2024-07-01 11:25:00,FPT,buy,73,110.92,23.968696253599326
TC001_248_2,C001,2024-07-01 11:19:00,FPT,buy,16,109.01,4.652372093719803
TC001_248_3,C001,2024-07-01 14:44:00,FPT,sell,29,105.19,12.803001292419758
TC001_248_4,C001,2024-07-01 13:03:00,NKG,sell,57,16.25,2.8789292122749077
TC001_249_0,C001,2024-07-02 10:14:00,VGC,buy,20,48.84,3.342894057071113
TC001_249_1,C001,2024-07-02 11:24:00,BCM,buy,47,61.77,13.838483893778768
TC001_249_2,C001,2024-07-02 11:02:00,DCM,buy,53,34.99,2.2691998815980696
TC001_249_3,C001,2024-07-02 14:09:00,VGC,sell,20,52.45,1.524516974557154
TC001_249_4,C001,2024-07-02 14:16:00,BCM,sell,8,62.85,1.6616981486165165
TC001_249_close,C001,2024-07-02 13:58:00,DCM,sell,53,38.23,9.459682104389628
TC001_250_0,C001,2024-07-03 09:18:00,NKG,buy,24,19.3,1.1030439193853512
TC001_250_1,C001,2024-07-03 11:24:00,FPT,buy,20,108.5,2.367260132665748
TC001_250_2,C001,2024-07-03 11:14:00,FPT,buy,78,111.04,9.275642977737249
TC001_250_3,C001,2024-07-03 13:03:00,NKG,sell,24,16.07,0.477398458419746
TC001_250_close,C001,2024-07-03 14:47:00,FPT,sell,98,107.3,36.19124377677055
TC001_251_0,C001,2024-07-04 10:15:00,FPT,buy,59,115.11,24.05173690551716
TC001_251_1,C001,2024-07-04 11:02:00,DCM,buy,66,36.62,6.876579588725965
TC001_251_2,C001,2024-07-04 11:16:00,DCM,buy,18,35.14,2.4795922673462827
TC001_251_3,C001,2024-07-04 11:19:00,FPT,buy,25,111.16,5.28349198399061
TC001_251_4,C001,2024-07-04 11:03:00,FPT,buy,24,117.09,8.784354496721578
TC001_251_5,C001,2024-07-04 09:20:00,BCM,buy,69,61.77,20.168077442907624
TC001_251_6,C001,2024-07-04 09:36:00,DCM,buy,69,35.18,2.6451356576388494
TC001_251_7,C001,2024-07-04 13:04:00,DCM,sell,99,32.09,15.376528769292996
TC001_251_close,C001,2024-07-04 13:27:00,FPT,sell,108,116.2,48.225545682145324
TC001_251_close,C001,2024-07-04 14:11:00,BCM,sell,69,61.88,14.515926267892398
TC001_252_0,C001,2024-07-05 11:05:00,VGC,buy,45,48.37,8.51753963722488
TC001_252_1,C001,2024-07-05 11:15:00,NKG,buy,66,16.26,5.278485129618653
TC001_252_2,C001,2024-07-05 10:26:00,NKG,buy,69,19.11,3.6848754017732093
TC001_252_3,C001,2024-07-05 10:32:00,DCM,buy,24,35.42,3.904300418806142
TC001_252_6,C001,2024-07-05 13:00:00,VGC,sell,45,46.52,6.174697934291753
TC001_252_7,C001,2024-07-05 13:07:00,NKG,sell,23,19.53,1.9538087689299282
TC001_252_8,C001,2024-07-05 13:34:00,DCM,sell,5,39.05,0.9350676973775924
TC001_253_0,C001,2024-07-08 11:14:00,NKG,buy,65,19.65,2.1209330968030837
TC001_253_1,C001,2024-07-08 10:51:00,FPT,buy,48,114.36,15.841474816564338
TC001_253_2,C001,2024-07-08 10:35:00,FPT,buy,73,118.33,18.498626088957664
TC001_253_3,C001,2024-07-08 10:11:00,BCM,buy,23,62.55,4.434517328249087
TC001_253_4,C001,2024-07-08 14:49:00,BCM,sell,7,61.03,0.60409772739732
TC001_253_5,C001,2024-07-08 13:24:00,NKG,sell,32,19.69,1.4128707959177582
TC001_253_6,C001,2024-07-08 13:31:00,FPT,sell,121,117.88,44.26132682701871
TC001_254_0,C001,2024-07-09 09:37:00,BCM,buy,40,62.72,9.686583271773138
TC001_254_1,C001,2024-07-09 10:03:00,DCM,buy,29,38.16,4.712705685918328
TC001_254_2,C001,2024-07-09 10:33:00,FPT,buy,36,119.29,20.538853185830657
TC001_254_3,C001,2024-07-09 09:30:00,NKG,buy,79,19.77,5.314306064923971
TC001_254_4,C001,2024-07-09 09:23:00,BCM,buy,77,64.58,17.626809517187475
TC001_254_5,C001,2024-07-09 09:00:00,VGC,buy,75,49.39,16.886573356251795
TC001_254_6,C001,2024-07-09 09:14:00,FPT,buy,74,116.55,16.03183989661902
TC001_254_7,C001,2024-07-09 14:21:00,DCM,sell,11,34.6,1.7528535944293988
TC001_254_8,C001,2024-07-09 13:26:00,BCM,sell,70,65.89,11.520788744765438
TC001_254_9,C001,2024-07-09 14:41:00,VGC,sell,75,50.4,9.609555205554926
TC001_254_10,C001,2024-07-09 13:05:00,FPT,sell,42,118.86,11.665839638191283
TC001_254_14,C001,2024-07-09 13:52:00,NKG,sell,34,17.6,0.6457174631271869
TC001_255_0,C001,2024-07-10 11:03:00,DCM,buy,72,38.44,4.028353637303784
TC001_255_1,C001,2024-07-10 10:39:00,VGC,buy,78,49.21,3.9714057358172776
TC001_255_2,C001,2024-07-10 11:29:00,FPT,buy,67,112.94,34.870215073561376
TC001_255_3,C001,2024-07-10 11:03:00,FPT,buy,54,113.59,29.2252608842202
TC001_255_4,C001,2024-07-10 14:40:00,FPT,sell,121,110.07,18.780315750057078
TC001_255_7,C001,2024-07-10 13:14:00,VGC,sell,21,51.12,5.275840444994827
TC001_255_close,C001,2024-07-10 13:59:00,DCM,sell,72,38.13,10.101075457280986
TC001_256_0,C001,2024-07-11 09:55:00,DCM,buy,25,37.03,3.234982713345895
TC001_256_1,C001,2024-07-11 10:07:00,FPT,buy,20,112.74,10.86328424649761
TC001_256_2,C001,2024-07-11 09:00:00,NKG,buy,48,19.46,2.3922517984985667
TC001_256_3,C001,2024-07-11 14:59:00,DCM,sell,8,35.84,0.8544440090327879
TC001_256_5,C001,2024-07-11 14:42:00,FPT,sell,20,112.89,3.5473134266707973
TC001_256_close,C001,2024-07-11 13:34:00,NKG,sell,48,16.29,3.454371938577215
TC001_257_0,C001,2024-07-12 10:28:00,NKG,buy,33,20.0,3.057519384994972
TC001_257_1,C001,2024-07-12 10:44:00,VGC,buy,46,48.65,4.88153970293325
TC001_257_2,C001,2024-07-12 10:15:00,BCM,buy,79,62.94,20.630972949539203
TC001_257_3,C001,2024-07-12 09:30:00,DCM,buy,21,37.59,1.2732571338319771
TC001_257_4,C001,2024-07-12 11:30:00,VGC,buy,38,47.39,5.53907068355703
TC001_257_7,C001,2024-07-12 14:57:00,VGC,sell,14,46.48,0.7661405431427535
TC001_257_8,C001,2024-07-12 14:04:00,DCM,sell,21,35.67,2.9324100781890508
TC001_257_9,C001,2024-07-12 14:27:00,BCM,sell,29,59.46,7.507099875782564
TC001_257_close,C001,2024-07-12 13:41:00,NKG,sell,33,19.01,3.1006542240384483
TC001_258_0,C001,2024-07-15 10:05:00,BCM,buy,32,67.77,5.135062862222996
TC001_258_1,C001,2024-07-15 10:34:00,FPT,buy,71,112.48,11.735378111460326
TC001_258_2,C001,2024-07-15 09:53:00,BCM,buy,44,65.06,12.695877736286812
TC001_258_3,C001,2024-07-15 10:36:00,DCM,buy,14,37.21,2.568558224255117
TC001_258_4,C001,2024-07-15 10:32:00,NKG,buy,31,23.75,1.4310163073356434
TC001_258_5,C001,2024-07-15 11:18:00,VGC,buy,58,48.47,13.54118167713322
TC001_258_6,C001,2024-07-15 10:23:00,NKG,buy,13,20.0,1.246497373046255
TC001_258_7,C001,2024-07-15 14:43:00,VGC,sell,19,44.79,0.9927893409700753
TC001_258_8,C001,2024-07-15 13:03:00,FPT,sell,71,108.64,17.526702871086442
TC001_258_9,C001,2024-07-15 14:39:00,BCM,sell,76,68.13,9.2726908798859
TC001_258_14,C001,2024-07-15 14:53:00,DCM,sell,4,34.94,0.3357203308911721
TC001_258_close,C001,2024-07-15 14:41:00,NKG,sell,44,18.25,2.3792482006326354
TC001_259_0,C001,2024-07-16 11:01:00,NKG,buy,51,22.75,4.0235470269983935
TC001_259_1,C001,2024-07-16 10:35:00,NKG,buy,43,19.77,3.1012155967852686
TC001_259_2,C001,2024-07-16 11:26:00,NKG,buy,37,21.53,3.813111882883886
TC001_259_3,C001,2024-07-16 11:20:00,FPT,buy,14,113.59,3.383819999392427
TC001_259_4,C001,2024-07-16 11:16:00,DCM,buy,54,36.93,7.561479962264583
TC001_259_5,C001,2024-07-16 09:33:00,VGC,buy,56,48.37,13.222980867626463
TC001_259_6,C001,2024-07-16 14:27:00,FPT,sell,5,113.03,2.6490449423297737
TC001_259_10,C001,2024-07-16 13:36:00,DCM,sell,34,38.69,4.926250116407987
TC001_259_close,C001,2024-07-16 13:15:00,NKG,sell,131,22.15,10.102230913314473
TC001_259_close,C001,2024-07-16 14:21:00,VGC,sell,56,47.76,11.801334021016014
TC001_260_0,C001,2024-07-17 10:43:00,BCM,buy,64,61.5,12.058558945325245
TC001_260_1,C001,2024-07-17 09:06:00,NKG,buy,48,19.3,0.9978284316331445
TC001_260_2,C001,2024-07-17 11:13:00,NKG,buy,35,17.6,1.636204291660929
TC001_260_3,C001,2024-07-17 10:30:00,BCM,buy,24,65.26,5.435113788843095
TC001_260_4,C001,2024-07-17 11:06:00,NKG,buy,73,16.78,3.6662712998616263
TC001_260_close,C001,2024-07-17 14:42:00,BCM,sell,88,68.36,15.125312839612736
TC001_260_close,C001,2024-07-17 14:19:00,NKG,sell,156,18.53,8.27454780651472
TC001_261_0,C001,2024-07-18 10:23:00,VGC,buy,70,47.54,4.1690026163422305
TC001_261_1,C001,2024-07-18 11:09:00,DCM,buy,11,35.99,1.0691018633289395
TC001_261_3,C001,2024-07-18 14:14:00,DCM,sell,3,35.34,0.3085908834732719
TC001_261_close,C001,2024-07-18 13:15:00,VGC,sell,70,45.11,4.073286037053094
TC001_262_0,C001,2024-07-19 09:22:00,VGC,buy,65,47.54,12.142477959214443
TC001_262_1,C001,2024-07-19 09:14:00,DCM,buy,48,35.29,6.329709255119506
TC001_262_2,C001,2024-07-19 11:30:00,NKG,buy,38,18.91,2.274408645993128
TC001_262_3,C001,2024-07-19 11:09:00,FPT,buy,75,106.81,31.94841710467554
TC001_262_4,C001,2024-07-19 11:00:00,VGC,buy,62,50.04,13.515934901278046
TC001_262_5,C001,2024-07-19 09:13:00,DCM,buy,80,35.23,11.41048664304534
TC001_262_6,C001,2024-07-19 10:50:00,DCM,buy,76,32.78,5.488400733168393
TC001_262_7,C001,2024-07-19 14:47:00,FPT,sell,21,109.73,11.205077238792214
TC001_262_12,C001,2024-07-19 14:25:00,NKG,sell,14,19.1,0.3785522766365943
TC001_262_close,C001,2024-07-19 14:41:00,VGC,sell,127,46.27,7.849147408883135
TC001_262_close,C001,2024-07-19 14:01:00,DCM,sell,204,35.09,9.425059730229485
TC001_263_0,C001,2024-07-22 11:19:00,NKG,buy,46,18.33,1.3034437309843545
TC001_263_1,C001,2024-07-22 09:32:00,DCM,buy,11,34.0,1.3700903114968137
TC001_263_2,C001,2024-07-22 10:48:00,FPT,buy,39,105.2,13.038407860889867
TC001_263_3,C001,2024-07-22 11:20:00,FPT,buy,57,106.04,8.164202862185922
TC001_263_4,C001,2024-07-22 09:41:00,VGC,buy,74,45.88,15.560931657979573
TC001_263_6,C001,2024-07-22 14:54:00,VGC,sell,26,49.26,4.896925768615815
TC001_263_7,C001,2024-07-22 14:06:00,FPT,sell,59,104.07,22.87199415721998
TC001_263_close,C001,2024-07-22 13:50:00,NKG,sell,46,22.26,4.70988614038485
TC001_263_close,C001,2024-07-22 14:02:00,DCM,sell,11,32.22,0.38870388401939004
TC001_264_0,C001,2024-07-23 09:45:00,VGC,buy,33,45.14,2.120876889616041
TC001_264_1,C001,2024-07-23 09:51:00,BCM,buy,49,64.58,6.583702372657808
TC001_264_2,C001,2024-07-23 11:01:00,FPT,buy,72,106.38,26.677460703253246
TC001_264_3,C001,2024-07-23 09:03:00,NKG,buy,32,17.9,1.0743555821461979
TC001_264_4,C001,2024-07-23 11:18:00,BCM,buy,72,67.23,6.913277484025688
TC001_264_5,C001,2024-07-23 10:11:00,BCM,buy,59,65.47,17.796050511440967
TC001_264_6,C001,2024-07-23 10:52:00,BCM,buy,67,60.91,13.650187030887214
TC001_264_7,C001,2024-07-23 13:40:00,VGC,sell,33,48.23,3.0170309943870484
TC001_264_8,C001,2024-07-23 14:17:00,NKG,sell,4,18.14,0.3432830021305862
TC001_264_10,C001,2024-07-23 14:43:00,FPT,sell,45,106.08,17.015814173376512
TC001_264_close,C001,2024-07-23 13:46:00,BCM,sell,247,60.65,69.97847819342236
TC001_265_0,C001,2024-07-24 10:37:00,DCM,buy,65,33.77,5.974550427486885
TC001_265_1,C001,2024-07-24 10:14:00,FPT,buy,37,106.81,8.704405121597503
TC001_265_2,C001,2024-07-24 10:28:00,BCM,buy,34,64.78,4.077838092802555
TC001_265_3,C001,2024-07-24 09:19:00,NKG,buy,17,18.21,0.5769564998135063
TC001_265_5,C001,2024-07-24 13:00:00,DCM,sell,9,35.13,0.9792810486325926
TC001_265_6,C001,2024-07-24 13:59:00,BCM,sell,34,64.64,4.602110173759383
TC001_265_close,C001,2024-07-24 14:50:00,FPT,sell,37,103.05,18.32494242555399
TC001_265_close,C001,2024-07-24 14:56:00,NKG,sell,17,20.37,0.8012197888706649
TC001_266_0,C001,2024-07-25 09:47:00,VGC,buy,63,45.69,7.334995001099511
TC001_266_1,C001,2024-07-25 10:00:00,DCM,buy,74,33.45,8.973476411364736
TC001_266_2,C001,2024-07-25 10:37:00,VGC,buy,34,42.73,3.4802974401056237
TC001_266_3,C001,2024-07-25 09:38:00,DCM,buy,39,33.77,3.523675533703752
TC001_266_4,C001,2024-07-25 09:26:00,BCM,buy,45,66.9,12.849218263302054
TC001_266_6,C001,2024-07-25 13:57:00,VGC,sell,34,45.98,6.608095120996982
TC001_266_8,C001,2024-07-25 13:35:00,DCM,sell,60,30.88,2.212363866141631
TC001_266_close,C001,2024-07-25 14:08:00,BCM,sell,45,63.39,3.9312829410194046
TC001_267_0,C001,2024-07-26 10:30:00,DCM,buy,28,34.29,3.1011376870139333
TC001_267_1,C001,2024-07-26 10:44:00,DCM,buy,80,36.09,5.783483737869595
TC001_267_2,C001,2024-07-26 10:36:00,DCM,buy,25,35.13,3.7927376736570197
TC001_267_3,C001,2024-07-26 10:15:00,VGC,buy,66,45.34,8.987228229835525
TC001_267_4,C001,2024-07-26 09:13:00,VGC,buy,12,45.18,1.9729520621695222
TC001_267_8,C001,2024-07-26 14:30:00,VGC,sell,78,45.51,13.126049463908497
TC001_267_9,C001,2024-07-26 14:16:00,DCM,sell,49,35.08,5.248168266784971
TC001_268_0,C001,2024-07-29 11:29:00,VGC,buy,66,43.38,8.508088499853809
TC001_268_1,C001,2024-07-29 10:45:00,BCM,buy,30,68.59,5.369777394962114
TC001_268_2,C001,2024-07-29 10:45:00,BCM,buy,68,70.97,12.293800913644887
TC001_268_3,C001,2024-07-29 09:55:00,FPT,buy,62,109.35,27.55814905511934
TC001_268_4,C001,2024-07-29 10:54:00,NKG,buy,57,18.37,1.1437850917128212
TC001_268_5,C001,2024-07-29 10:08:00,FPT,buy,47,106.69,20.400430765016768
TC001_268_6,C001,2024-07-29 14:26:00,FPT,sell,109,108.99,30.239355384833516
TC001_268_8,C001,2024-07-29 13:36:00,VGC,sell,39,43.76,3.7940951626973822
TC001_268_12,C001,2024-07-29 13:03:00,BCM,sell,98,67.19,12.365496678255315
TC001_268_close,C001,2024-07-29 13:50:00,NKG,sell,57,21.41,5.573684379874922
TC001_269_0,C001,2024-07-30 11:28:00,FPT,buy,19,108.5,4.666850287853653
TC001_269_1,C001,2024-07-30 10:07:00,VGC,buy,63,43.61,7.763599136576582
TC001_269_2,C001,2024-07-30 11:25:00,VGC,buy,53,42.85,5.02133005683663
TC001_269_3,C001,2024-07-30 10:51:00,DCM,buy,70,35.61,2.702738957116584
TC001_269_4,C001,2024-07-30 10:31:00,BCM,buy,74,73.1,8.289785299198513
TC001_269_5,C001,2024-07-30 10:02:00,BCM,buy,41,70.97,10.434400128674717
TC001_269_6,C001,2024-07-30 11:11:00,VGC,buy,14,46.13,3.1861654959281847
TC001_269_7,C001,2024-07-30 13:19:00,DCM,sell,18,33.61,0.8161895838991444
TC001_269_10,C001,2024-07-30 14:58:00,VGC,sell,47,43.93,6.492034374544862
TC001_269_13,C001,2024-07-30 14:20:00,BCM,sell,115,70.92,30.538641142042
TC001_269_close,C001,2024-07-30 14:20:00,FPT,sell,19,106.06,7.891849014710569
TC001_270_0,C001,2024-07-31 11:22:00,NKG,buy,36,20.68,3.206248807721856
TC001_270_1,C001,2024-07-31 10:12:00,FPT,buy,66,110.62,24.631876756866937
TC001_270_2,C001,2024-07-31 10:53:00,NKG,buy,76,17.5,3.722463810993338
TC001_270_3,C001,2024-07-31 09:43:00,FPT,buy,52,109.01,24.23375412633353
TC001_270_4,C001,2024-07-31 09:37:00,VGC,buy,61,41.85,3.665729489103942
TC001_270_5,C001,2024-07-31 10:19:00,NKG,buy,60,17.59,1.811734707023287
TC001_270_6,C001,2024-07-31 09:47:00,BCM,buy,11,70.68,3.346390096982761
TC001_270_7,C001,2024-07-31 13:39:00,FPT,sell,61,105.16,10.389229090660018
TC001_270_11,C001,2024-07-31 14:01:00,BCM,sell,5,67.17,0.8163693589892032
TC001_270_14,C001,2024-07-31 13:10:00,VGC,sell,61,39.51,8.661783041723266
TC001_270_close,C001,2024-07-31 14:45:00,NKG,sell,172,20.42,14.682887759584478
TC001_271_0,C001,2024-08-01 10:55:00,VGC,buy,31,42.72,2.396000856441117
TC001_271_1,C001,2024-08-01 11:04:00,FPT,buy,34,105.79,16.924806723873004
TC001_271_2,C001,2024-08-01 09:07:00,VGC,buy,29,39.96,2.0691463987375167
TC001_271_6,C001,2024-08-01 14:14:00,VGC,sell,26,43.8,3.119941311632242
TC001_271_close,C001,2024-08-01 14:34:00,FPT,sell,34,105.18,14.34444863786473
TC001_272_0,C001,2024-08-02 11:13:00,VGC,buy,68,42.85,5.7451853657394505
TC001_272_1,C001,2024-08-02 09:06:00,FPT,buy,60,104.43,25.20901298073747
TC001_272_2,C001,2024-08-02 10:00:00,VGC,buy,15,40.47,2.2452082344755038
TC001_272_3,C001,2024-08-02 10:39:00,BCM,buy,10,66.61,0.7424951088713239
TC001_272_5,C001,2024-08-02 14:23:00,FPT,sell,38,106.47,7.470764527846698
TC001_272_8,C001,2024-08-02 13:14:00,BCM,sell,5,67.37,0.7673079055639811
TC001_272_close,C001,2024-08-02 14:21:00,VGC,sell,83,40.84,9.707049403410592
TC001_273_0,C001,2024-08-05 11:13:00,VGC,buy,59,34.14,6.505084857785848
TC001_273_1,C001,2024-08-05 11:02:00,FPT,buy,28,103.54,8.098943002380578
TC001_273_2,C001,2024-08-05 10:54:00,FPT,buy,55,96.59,12.324628972371634
TC001_273_3,C001,2024-08-05 10:24:00,FPT,buy,43,100.53,11.627836387006045
TC001_273_4,C001,2024-08-05 11:23:00,NKG,buy,66,15.8,3.4285164009613727
TC001_273_5,C001,2024-08-05 10:51:00,BCM,buy,71,65.36,14.597953609640546
TC001_273_6,C001,2024-08-05 10:19:00,VGC,buy,41,37.64,5.565003334705838
TC001_273_7,C001,2024-08-05 13:17:00,NKG,sell,66,15.84,1.8009312153646415
TC001_273_8,C001,2024-08-05 14:44:00,BCM,sell,32,61.74,8.32243771769893
TC001_273_10,C001,2024-08-05 13:10:00,FPT,sell,126,101.15,35.88741070815583
TC001_273_14,C001,2024-08-05 14:40:00,VGC,sell,69,36.69,10.527222501899047
TC001_274_0,C001,2024-08-06 11:29:00,VGC,buy,36,36.9,2.578707135706623
TC001_274_1,C001,2024-08-06 11:06:00,FPT,buy,40,102.84,20.353028487529873
TC001_274_2,C001,2024-08-06 11:22:00,NKG,buy,78,16.15,4.060704669455955
TC001_274_3,C001,2024-08-06 10:45:00,FPT,buy,25,102.4,4.402757523670085
TC001_274_4,C001,2024-08-06 09:59:00,DCM,buy,57,33.53,9.095232573349323
TC001_274_5,C001,2024-08-06 13:41:00,NKG,sell,33,19.04,2.1057838307248904
TC001_274_6,C001,2024-08-06 13:40:00,VGC,sell,36,36.67,4.016512848841195
TC001_274_8,C001,2024-08-06 13:27:00,DCM,sell,38,33.11,2.8821209092602063
TC001_274_close,C001,2024-08-06 14:13:00,FPT,sell,65,99.85,14.352368244733006
TC001_275_0,C001,2024-08-07 11:16:00,DCM,buy,51,30.86,2.110043065505879
TC001_275_1,C001,2024-08-07 09:19:00,DCM,buy,28,34.19,3.9740108945962715
TC001_275_2,C001,2024-08-07 11:20:00,VGC,buy,57,37.46,8.59929202778621
TC001_275_3,C001,2024-08-07 09:13:00,BCM,buy,10,69.71,2.4310856076089697
TC001_275_4,C001,2024-08-07 11:22:00,NKG,buy,58,16.23,1.974107003061662
TC001_275_5,C001,2024-08-07 09:57:00,BCM,buy,57,70.16,19.867455538631464
TC001_275_7,C001,2024-08-07 14:08:00,VGC,sell,57,35.92,3.9214794559414776
TC001_275_10,C001,2024-08-07 14:47:00,BCM,sell,67,67.92,13.58929220235736
TC001_275_12,C001,2024-08-07 14:59:00,NKG,sell,8,13.06,0.13360088782735458
TC001_275_close,C001,2024-08-07 14:00:00,DCM,sell,79,31.16,10.486707369832544
TC001_276_0,C001,2024-08-08 11:18:00,VGC,buy,28,36.9,3.554000421729118
TC001_276_1,C001,2024-08-08 11:22:00,NKG,buy,32,16.19,1.46392269048999
TC001_276_2,C001,2024-08-08 11:19:00,DCM,buy,13,37.28,1.3502893527873316
TC001_276_3,C001,2024-08-08 09:02:00,DCM,buy,19,33.72,1.4710917615487882
TC001_276_4,C001,2024-08-08 09:58:00,VGC,buy,73,36.35,8.064186897696468
TC001_276_6,C001,2024-08-08 13:52:00,DCM,sell,17,30.1,2.0196850327205187
TC001_276_9,C001,2024-08-08 14:40:00,NKG,sell,32,13.37,0.9115088453048911
TC001_276_close,C001,2024-08-08 14:07:00,VGC,sell,101,38.76,17.5333856052585
TC001_277_0,C001,2024-08-09 11:28:00,FPT,buy,13,104.69,1.3819812041501982
TC001_277_1,C001,2024-08-09 09:39:00,BCM,buy,76,69.23,15.711284638807367
TC001_277_2,C001,2024-08-09 09:24:00,FPT,buy,21,107.57,7.7646303261969125
TC001_277_3,C001,2024-08-09 10:27:00,VGC,buy,61,37.83,5.478500670579475
TC001_277_5,C001,2024-08-09 14:39:00,VGC,sell,61,37.51,11.37297947670148
TC001_277_6,C001,2024-08-09 14:48:00,BCM,sell,76,71.88,19.15057522785417
TC001_277_close,C001,2024-08-09 13:58:00,FPT,sell,34,107.49,4.5419122886463565
TC001_278_0,C001,2024-08-12 11:22:00,BCM,buy,21,70.21,5.544503359235316
TC001_278_1,C001,2024-08-12 10:25:00,BCM,buy,44,68.94,11.605799228133105
TC001_278_2,C001,2024-08-12 09:39:00,FPT,buy,37,110.2,7.32529247034976
TC001_278_3,C001,2024-08-12 11:03:00,NKG,buy,35,17.39,2.2036090955286864
TC001_278_4,C001,2024-08-12 09:32:00,NKG,buy,46,16.5,1.6041974312340226
TC001_278_6,C001,2024-08-12 14:49:00,FPT,sell,9,113.86,2.297932531842621
TC001_278_8,C001,2024-08-12 14:47:00,BCM,sell,65,65.66,7.85278362750284
TC001_278_close,C001,2024-08-12 14:08:00,NKG,sell,81,19.09,4.9820208163364015
TC001_279_0,C001,2024-08-13 09:22:00,BCM,buy,43,68.94,4.5970887258331725
TC001_279_1,C001,2024-08-13 10:44:00,NKG,buy,48,16.19,3.5019578508552467
TC001_279_2,C001,2024-08-13 11:23:00,VGC,buy,34,38.38,3.66815770967077
TC001_279_3,C001,2024-08-13 11:30:00,NKG,buy,18,17.1,1.0895061546308102
TC001_279_4,C001,2024-08-13 11:20:00,NKG,buy,27,12.99,1.108785481062454
TC001_279_5,C001,2024-08-13 14:34:00,NKG,sell,46,14.55,2.808026971588588
TC001_279_6,C001,2024-08-13 14:05:00,VGC,sell,22,34.96,3.6429767724512834
TC001_279_10,C001,2024-08-13 13:18:00,BCM,sell,43,68.19,14.60398017327071
TC001_280_0,C001,2024-08-14 10:40:00,VGC,buy,51,33.99,4.513767132424982
TC001_280_1,C001,2024-08-14 10:03:00,VGC,buy,55,37.92,6.809685969656761
TC001_280_2,C001,2024-08-14 11:09:00,VGC,buy,47,35.72,4.046462962252341
TC001_280_3,C001,2024-08-14 11:24:00,FPT,buy,26,109.77,8.262365532337643
TC001_280_close,C001,2024-08-14 14:16:00,VGC,sell,153,34.23,12.891092807136122
TC001_280_close,C001,2024-08-14 13:10:00,FPT,sell,26,107.33,5.906233145056267
TC001_281_0,C001,2024-08-15 11:28:00,VGC,buy,45,36.98,3.4134173155300926
TC001_281_1,C001,2024-08-15 09:48:00,VGC,buy,54,37.27,2.1566340806917053
TC001_281_2,C001,2024-08-15 11:17:00,NKG,buy,46,15.45,1.15459307506439
TC001_281_3,C001,2024-08-15 10:45:00,BCM,buy,11,68.55,1.813981829635413
TC001_281_4,C001,2024-08-15 11:16:00,BCM,buy,11,67.0,1.1938788555081699
TC001_281_5,C001,2024-08-15 13:55:00,BCM,sell,22,65.7,6.392883650839766
TC001_281_7,C001,2024-08-15 13:21:00,VGC,sell,99,36.53,13.12388622302542
TC001_281_8,C001,2024-08-15 14:01:00,NKG,sell,46,12.41,2.056013791171575
TC001_282_0,C001,2024-08-16 10:33:00,BCM,buy,43,70.0,6.980554753393128
TC001_282_1,C001,2024-08-16 09:18:00,NKG,buy,29,16.07,1.5438615988821098
TC001_282_2,C001,2024-08-16 09:43:00,FPT,buy,72,110.7,31.731124012842905
TC001_282_3,C001,2024-08-16 11:14:00,FPT,buy,63,113.11,33.397056825937796
TC001_282_4,C001,2024-08-16 09:50:00,NKG,buy,78,12.58,2.0364168034218286
TC001_282_5,C001,2024-08-16 10:55:00,DCM,buy,69,35.23,11.867661335493887
TC001_282_6,C001,2024-08-16 11:15:00,VGC,buy,16,39.86,1.0559737846377946
TC001_282_7,C001,2024-08-16 14:55:00,FPT,sell,135,114.02,20.005908525755018
TC001_282_8,C001,2024-08-16 14:38:00,VGC,sell,4,36.55,0.15548178730184573
TC001_282_9,C001,2024-08-16 14:22:00,NKG,sell,43,13.16,2.330811200210625
TC001_282_12,C001,2024-08-16 14:54:00,BCM,sell,26,72.69,6.772177089006333
TC001_282_close,C001,2024-08-16 14:28:00,DCM,sell,69,34.93,11.526268871645428
TC001_283_0,C001,2024-08-19 11:27:00,BCM,buy,79,69.23,7.454354021244732
TC001_283_1,C001,2024-08-19 11:26:00,BCM,buy,78,71.2,22.938172016541458
TC001_283_2,C001,2024-08-19 09:53:00,NKG,buy,79,16.46,5.6419599646842284
TC001_283_3,C001,2024-08-19 10:26:00,NKG,buy,67,18.83,3.0004344483103034
TC001_283_4,C001,2024-08-19 11:05:00,BCM,buy,55,70.2,13.211506085179845
TC001_283_close,C001,2024-08-19 13:34:00,BCM,sell,212,73.22,20.091110875102697
TC001_283_close,C001,2024-08-19 13:29:00,NKG,sell,146,19.36,10.301336824901462
TC001_284_0,C001,2024-08-20 09:51:00,DCM,buy,58,35.75,5.247768160944534
TC001_284_1,C001,2024-08-20 10:42:00,DCM,buy,12,33.19,0.47178969177786745
TC001_284_2,C001,2024-08-20 11:16:00,VGC,buy,11,39.05,0.4878289356693297
TC001_284_3,C001,2024-08-20 10:44:00,BCM,buy,50,68.04,3.412967680173625
TC001_284_4,C001,2024-08-20 11:24:00,DCM,buy,26,33.36,4.1865675708302605
TC001_284_5,C001,2024-08-20 10:42:00,VGC,buy,41,41.62,6.225860446237922
TC001_284_6,C001,2024-08-20 09:58:00,BCM,buy,67,70.2,8.046629714326164
TC001_284_8,C001,2024-08-20 13:10:00,BCM,sell,117,68.65,30.689158499119745
TC001_284_close,C001,2024-08-20 13:52:00,DCM,sell,96,39.24,4.843211281941885
TC001_284_close,C001,2024-08-20 13:38:00,VGC,sell,52,40.58,5.839170833714136
TC001_285_0,C001,2024-08-21 09:03:00,DCM,buy,34,35.42,3.9104515966848195
TC001_285_1,C001,2024-08-21 11:07:00,NKG,buy,27,16.97,2.153869227077918
TC001_285_2,C001,2024-08-21 09:14:00,FPT,buy,51,113.16,27.904316456695142
TC001_285_3,C001,2024-08-21 10:06:00,VGC,buy,54,42.04,7.0265302588387755
TC001_285_5,C001,2024-08-21 14:02:00,DCM,sell,34,36.59,2.9410146768179803
TC001_285_7,C001,2024-08-21 14:39:00,VGC,sell,10,43.39,2.144809619521044
TC001_285_close,C001,2024-08-21 13:17:00,NKG,sell,27,17.21,1.6439034412496711
TC001_285_close,C001,2024-08-21 13:22:00,FPT,sell,51,114.52,17.165797614994315
TC001_286_0,C001,2024-08-22 09:17:00,NKG,buy,45,16.74,1.8634263175629557
TC001_286_1,C001,2024-08-22 09:55:00,DCM,buy,49,35.23,2.0333833579904255
TC001_286_2,C001,2024-08-22 10:41:00,NKG,buy,23,19.45,0.8950529788140066
TC001_286_3,C001,2024-08-22 09:33:00,FPT,buy,51,113.42,10.746229055659457
TC001_286_4,C001,2024-08-22 11:10:00,VGC,buy,12,41.16,1.8217792426786015
TC001_286_5,C001,2024-08-22 09:42:00,NKG,buy,75,14.12,4.423942084612807
TC001_286_6,C001,2024-08-22 14:36:00,NKG,sell,40,18.23,1.8763784328969872
TC001_286_7,C001,2024-08-22 13:38:00,DCM,sell,32,38.97,5.974850178466353
TC001_286_9,C001,2024-08-22 13:28:00,FPT,sell,18,112.21,3.2084779239133208
TC001_286_11,C001,2024-08-22 13:24:00,VGC,sell,12,37.29,1.7752694816298173
TC001_287_0,C001,2024-08-23 11:12:00,BCM,buy,68,70.1,17.47256904738192
TC001_287_1,C001,2024-08-23 11:14:00,VGC,buy,72,41.07,13.683562110827713
TC001_287_2,C001,2024-08-23 09:12:00,FPT,buy,49,112.82,9.761952088949306
TC001_287_5,C001,2024-08-23 13:09:00,VGC,sell,72,40.06,10.404839960613755
TC001_287_6,C001,2024-08-23 13:40:00,FPT,sell,22,109.65,5.210149787149795
TC001_287_close,C001,2024-08-23 14:01:00,BCM,sell,68,71.83,12.943445907001879
TC001_288_0,C001,2024-08-26 11:05:00,NKG,buy,68,14.88,4.466850854888314
TC001_288_1,C001,2024-08-26 10:45:00,VGC,buy,51,41.21,5.100076916236235
TC001_288_2,C001,2024-08-26 11:03:00,BCM,buy,25,68.65,2.3765423045585425
TC001_288_3,C001,2024-08-26 11:21:00,VGC,buy,53,44.34,6.570674821392033
TC001_288_4,C001,2024-08-26 11:04:00,DCM,buy,48,34.76,5.583247578032883
TC001_288_5,C001,2024-08-26 10:14:00,NKG,buy,22,17.05,1.0860691514514442
TC001_288_7,C001,2024-08-26 13:51:00,VGC,sell,52,43.65,5.176997850981174
TC001_288_10,C001,2024-08-26 13:03:00,BCM,sell,17,64.9,1.296365552049896
TC001_288_close,C001,2024-08-26 14:57:00,NKG,sell,90,16.03,5.9085280201922465
TC001_288_close,C001,2024-08-26 14:24:00,DCM,sell,48,31.18,3.744361345477126
TC001_289_0,C001,2024-08-27 11:12:00,NKG,buy,39,16.97,1.4463179866249711
TC001_289_1,C001,2024-08-27 09:06:00,BCM,buy,56,67.97,17.964106611229752
TC001_289_2,C001,2024-08-27 09:19:00,VGC,buy,25,40.93,1.6214703636893073
TC001_289_3,C001,2024-08-27 09:13:00,VGC,buy,38,41.34,7.581283427859337
TC001_289_4,C001,2024-08-27 09:52:00,FPT,buy,48,112.32,15.642905958803444
TC001_289_5,C001,2024-08-27 14:57:00,NKG,sell,39,16.38,2.325345531893245
TC001_289_6,C001,2024-08-27 14:33:00,VGC,sell,38,38.77,5.988492891272122
TC001_289_7,C001,2024-08-27 13:59:00,BCM,sell,36,66.85,8.952325007091751
TC001_289_close,C001,2024-08-27 13:03:00,FPT,sell,48,108.45,15.126426368104182
TC001_290_0,C001,2024-08-28 10:38:00,BCM,buy,64,67.29,6.458233656345622
TC001_290_1,C001,2024-08-28 10:36:00,DCM,buy,28,34.99,3.6193942420201375
TC001_290_2,C001,2024-08-28 09:07:00,FPT,buy,73,112.99,19.015673155302196
TC001_290_3,C001,2024-08-28 09:58:00,NKG,buy,53,17.2,3.171000290273746
TC001_290_4,C001,2024-08-28 11:11:00,VGC,buy,58,41.53,11.854592982856339
TC001_290_5,C001,2024-08-28 14:32:00,NKG,sell,53,19.73,5.08944151109223
TC001_290_6,C001,2024-08-28 14:00:00,BCM,sell,24,70.21,8.12350899236227
TC001_290_9,C001,2024-08-28 13:33:00,DCM,sell,14,37.43,0.7494463189313674
TC001_290_10,C001,2024-08-28 14:38:00,VGC,sell,12,43.76,0.7316816085664766
TC001_290_close,C001,2024-08-28 14:41:00,FPT,sell,73,111.53,23.624726100530165
TC001_291_0,C001,2024-08-29 09:07:00,DCM,buy,15,35.33,1.1217704046987245
TC001_291_1,C001,2024-08-29 10:30:00,NKG,buy,19,17.2,0.4441053166373834
TC001_291_2,C001,2024-08-29 11:23:00,FPT,buy,18,113.33,6.59979694288713
TC001_291_3,C001,2024-08-29 09:10:00,VGC,buy,22,41.16,2.8960962166440747
TC001_291_4,C001,2024-08-29 11:05:00,DCM,buy,39,33.52,2.348476408968108
TC001_291_5,C001,2024-08-29 11:25:00,VGC,buy,38,37.99,2.3602196861906966
TC001_291_6,C001,2024-08-29 09:09:00,DCM,buy,61,35.2,4.810185634050055
TC001_291_9,C001,2024-08-29 13:59:00,NKG,sell,7,14.41,0.1562636386847894
TC001_291_10,C001,2024-08-29 14:58:00,VGC,sell,27,38.16,4.320660222532812
TC001_291_11,C001,2024-08-29 13:27:00,DCM,sell,46,38.53,4.894172122679044
TC001_291_close,C001,2024-08-29 13:21:00,FPT,sell,18,112.26,6.460591509798038
TC001_292_0,C001,2024-08-30 09:48:00,NKG,buy,47,16.31,3.8081055345134325
TC001_292_1,C001,2024-08-30 11:10:00,BCM,buy,52,72.1,15.840090589229781
TC001_292_2,C001,2024-08-30 09:53:00,BCM,buy,38,69.71,12.059535351010366
TC001_292_3,C001,2024-08-30 09:31:00,FPT,buy,18,114.26,9.491806609032142
TC001_292_4,C001,2024-08-30 09:22:00,VGC,buy,70,40.88,10.970736435425883
TC001_292_5,C001,2024-08-30 09:16:00,NKG,buy,17,16.97,1.29431740795691
TC001_292_6,C001,2024-08-30 13:21:00,NKG,sell,23,13.15,0.44252354198903565
TC001_292_8,C001,2024-08-30 13:37:00,FPT,sell,10,114.06,4.419598029752113
TC001_292_10,C001,2024-08-30 13:30:00,BCM,sell,90,73.48,16.319339331881558
TC001_292_close,C001,2024-08-30 13:56:00,VGC,sell,70,39.44,13.06494724805847
TC001_293_0,C001,2024-09-04 09:56:00,BCM,buy,22,69.71,5.385354840853148
TC001_293_1,C001,2024-09-04 09:29:00,VGC,buy,36,39.91,4.599649322475795
TC001_293_2,C001,2024-09-04 10:25:00,BCM,buy,32,67.38,5.972556507565825
TC001_293_3,C001,2024-09-04 10:34:00,NKG,buy,54,16.62,3.686737428989642
TC001_293_6,C001,2024-09-04 13:47:00,VGC,sell,13,36.3,1.5326661099906354
TC001_293_close,C001,2024-09-04 14:24:00,BCM,sell,54,72.43,12.560898325165896
TC001_293_close,C001,2024-09-04 14:51:00,NKG,sell,54,13.95,3.5568636314659474
TC001_294_0,C001,2024-09-05 09:44:00,VGC,buy,76,39.31,9.78580251713548
TC001_294_1,C001,2024-09-05 09:44:00,BCM,buy,23,69.62,3.149731700064019
TC001_294_2,C001,2024-09-05 14:32:00,VGC,sell,76,36.79,12.770201292519976
TC001_294_close,C001,2024-09-05 14:44:00,BCM,sell,23,73.36,2.5832642844943856
TC001_295_0,C001,2024-09-06 11:08:00,NKG,buy,23,19.09,0.9064552839739543
TC001_295_1,C001,2024-09-06 09:16:00,NKG,buy,39,16.23,1.8806041686031243
TC001_295_close,C001,2024-09-06 14:23:00,NKG,sell,62,14.95,2.0874218115608354
TC001_296_0,C001,2024-09-09 11:22:00,DCM,buy,16,36.63,0.6833072778773798
TC001_296_1,C001,2024-09-09 10:02:00,NKG,buy,52,16.66,4.05416543201627
TC001_296_2,C001,2024-09-09 09:29:00,BCM,buy,54,68.94,6.703161724547999
TC001_296_3,C001,2024-09-09 09:24:00,FPT,buy,62,107.45,22.045272032958874
TC001_296_4,C001,2024-09-09 09:18:00,FPT,buy,49,111.3,8.92575660556797
TC001_296_5,C001,2024-09-09 11:10:00,DCM,buy,65,35.09,11.365077127198688
TC001_296_6,C001,2024-09-09 09:35:00,BCM,buy,52,70.01,15.213210026542642
TC001_296_7,C001,2024-09-09 14:44:00,NKG,sell,8,15.75,0.339774452099392
TC001_296_11,C001,2024-09-09 14:25:00,DCM,sell,20,36.3,1.6574318074196877
TC001_296_12,C001,2024-09-09 14:26:00,FPT,sell,37,109.69,13.781417306277394
TC001_296_close,C001,2024-09-09 13:54:00,BCM,sell,106,66.24,31.63397950872635
TC001_297_0,C001,2024-09-10 09:59:00,VGC,buy,37,37.92,6.065044038469898
TC001_297_1,C001,2024-09-10 11:03:00,VGC,buy,45,34.39,4.260786520073524
TC001_297_2,C001,2024-09-10 11:23:00,VGC,buy,64,41.31,6.428987694581019
TC001_297_3,C001,2024-09-10 09:35:00,BCM,buy,75,69.23,15.406304901765804
TC001_297_5,C001,2024-09-10 13:12:00,BCM,sell,23,67.53,7.6923551683080955
TC001_297_7,C001,2024-09-10 13:15:00,VGC,sell,52,37.08,8.572147303037234
TC001_298_0,C001,2024-09-11 10:50:00,VGC,buy,19,38.48,0.805486561230983
TC001_298_1,C001,2024-09-11 11:07:00,FPT,buy,71,110.7,34.24888819534817
TC001_298_close,C001,2024-09-11 13:23:00,VGC,sell,19,37.31,3.0869818543314893
TC001_298_close,C001,2024-09-11 14:18:00,FPT,sell,71,111.08,30.006481519412272
TC001_299_0,C001,2024-09-12 09:28:00,DCM,buy,72,32.25,4.8072287474815205
TC001_299_1,C001,2024-09-12 09:10:00,DCM,buy,72,35.7,7.004134814732177
TC001_299_2,C001,2024-09-12 10:18:00,DCM,buy,72,38.11,5.6311287844122475
TC001_299_3,C001,2024-09-12 09:15:00,BCM,buy,50,69.13,7.391440095200521
TC001_299_4,C001,2024-09-12 11:05:00,VGC,buy,45,38.25,4.85426242386986
TC001_299_5,C001,2024-09-12 14:59:00,DCM,sell,216,36.12,30.16942117721835
TC001_299_6,C001,2024-09-12 13:53:00,VGC,sell,11,42.04,0.4921907296633092
TC001_299_close,C001,2024-09-12 13:31:00,BCM,sell,50,66.97,4.826743907017817
TC002_1_0,C002,2023-07-06 10:41:00,YEG,buy,84,7.27,2.8899410071380385
TC002_1_2,C002,2023-07-06 09:06:00,ANV,buy,49,17.0,3.6672551482101445
TC002_2_0,C002,2023-07-12 14:06:00,ACB,buy,11,15.34,0.5578477465930002
TC002_2_1,C002,2023-07-12 13:37:00,VIC,buy,117,25.7,9.21270360830539
TC002_2_2,C002,2023-07-12 13:40:00,NT2,buy,39,25.69,3.3202869579179817
TC002_3_0,C002,2023-07-18 13:21:00,DXG,buy,99,12.68,3.0282540900852895
TC002_3_1,C002,2023-07-18 13:39:00,VNM,buy,52,60.88,7.010514634667887
TC002_4_0,C002,2023-07-21 10:26:00,NT2,sell,38,26.42,1.719972694968021
TC002_5_0,C002,2023-07-27 14:14:00,GVR,buy,10,20.82,0.930477520518748
TC002_6_0,C002,2023-07-31 09:32:00,DXG,sell,23,14.73,1.6748131873516665
TC002_7_0,C002,2023-08-03 13:21:00,VNM,sell,39,63.03,7.0179823660147855
TC002_8_0,C002,2023-08-07 10:30:00,VNM,buy,15,65.03,2.8491265330629494
TC002_8_1,C002,2023-08-07 09:25:00,YEG,sell,60,7.3,0.7740140794812246
TC002_8_2,C002,2023-08-07 14:41:00,NT2,sell,1,25.22,0.05377914098467952
TC002_9_0,C002,2023-08-10 10:34:00,VCB,buy,86,58.77,15.133999573984397
TC002_9_1,C002,2023-08-10 13:18:00,GVR,buy,23,20.58,1.3226092574284032
TC002_9_2,C002,2023-08-10 14:03:00,DXG,buy,55,14.7,3.6293172136804346
TC002_10_0,C002,2023-08-15 09:50:00,ACB,buy,24,16.04,1.0772097889719556
TC002_10_1,C002,2023-08-15 11:16:00,BSI,buy,92,27.11,6.314062357510322
TC002_11_0,C002,2023-08-18 09:26:00,NT2,buy,106,23.37,11.520022206316288
TC002_12_0,C002,2023-08-23 11:18:00,VIC,buy,43,32.5,1.6888413821014208
TC002_12_1,C002,2023-08-23 13:07:00,ACB,buy,35,15.34,0.7310412408068926
TC002_12_2,C002,2023-08-23 14:48:00,ANV,sell,5,14.49,0.21200078751787688
TC002_13_0,C002,2023-08-28 10:01:00,YEG,sell,4,6.95,0.06307888363003361
TC002_13_1,C002,2023-08-28 09:41:00,VIC,buy,106,32.35,8.50032659185291
TC002_14_0,C002,2023-08-31 14:23:00,ACB,sell,21,15.87,1.3180238214135136
TC002_14_1,C002,2023-08-31 09:36:00,VNM,buy,59,67.55,13.476772209671175
TC002_15_0,C002,2023-09-08 09:32:00,ANV,sell,44,16.72,2.0264706518476094
TC002_15_1,C002,2023-09-08 11:24:00,GVR,sell,15,21.78,0.824525047018836
TC002_16_0,C002,2023-09-13 11:00:00,VNM,sell,23,68.68,5.373863497111603
TC002_16_1,C002,2023-09-13 11:09:00,GVR,sell,4,21.4,0.2930139335781479
TC002_17_0,C002,2023-09-15 11:24:00,ANV,buy,89,16.42,5.669549943683564
TC002_17_1,C002,2023-09-15 09:49:00,YEG,buy,113,6.98,0.9532816598698031
TC002_17_2,C002,2023-09-15 09:01:00,VCB,buy,19,59.63,1.8035444069193978
TC002_18_0,C002,2023-09-20 09:30:00,GVR,buy,39,22.17,3.2181945133302428
TC002_19_0,C002,2023-09-22 13:49:00,DXG,buy,79,16.09,5.323487709657867
TC002_19_1,C002,2023-09-22 11:12:00,BSI,buy,24,32.19,1.4013071883580346
TC002_19_2,C002,2023-09-22 13:48:00,YEG,buy,38,6.79,0.6029646792130909
TC002_20_0,C002,2023-09-26 10:40:00,DXG,sell,202,14.0,13.248482459141188
TC002_20_1,C002,2023-09-26 11:15:00,ACB,sell,11,15.37,0.37080183617254825
TC002_20_2,C002,2023-09-26 10:42:00,BSI,buy,18,30.08,0.5762432774725078
TC002_21_0,C002,2023-09-28 11:16:00,VNM,buy,36,64.94,8.948676515219072
TC002_22_0,C002,2023-10-02 14:41:00,VIC,sell,118,23.45,5.134040843956429
TC002_22_1,C002,2023-10-02 14:42:00,ACB,buy,12,15.37,0.7077041169636382
TC002_23_0,C002,2023-10-06 09:00:00,YEG,buy,84,8.12,2.4453282086374877
TC002_24_0,C002,2023-10-11 14:00:00,GVR,buy,59,19.86,3.7361466589827415
TC002_24_1,C002,2023-10-11 13:08:00,VCB,buy,103,57.44,27.140391214538298
TC002_25_0,C002,2023-10-17 11:18:00,GVR,buy,26,19.38,0.6344338235707883
TC002_25_1,C002,2023-10-17 10:28:00,BSI,buy,89,31.82,10.818985629584207
TC002_26_0,C002,2023-10-20 11:26:00,BSI,sell,92,31.44,3.3164352452998047
TC002_26_1,C002,2023-10-20 11:12:00,VIC,buy,97,21.68,8.708468219606653
TC002_27_0,C002,2023-10-24 09:46:00,ANV,buy,14,15.5,0.9822125518580175
TC002_28_0,C002,2023-10-26 13:31:00,VCB,buy,39,56.12,3.6047407203794033
TC002_28_1,C002,2023-10-26 10:46:00,YEG,sell,209,9.23,7.209312143806928
TC002_29_0,C002,2023-11-01 11:03:00,ACB,sell,29,15.16,1.8072793666293636
TC002_30_0,C002,2023-11-07 11:22:00,YEG,buy,14,8.89,0.5383389833442829
TC002_31_0,C002,2023-11-10 14:01:00,VNM,buy,74,60.43,15.91389022096638
TC002_32_0,C002,2023-11-14 10:18:00,VCB,sell,204,57.11,36.47022377505707
TC002_33_0,C002,2023-11-20 10:34:00,BSI,sell,81,37.02,8.610600088665265
TC002_33_1,C002,2023-11-20 11:20:00,VIC,buy,27,21.35,1.6796395727627869
TC002_33_2,C002,2023-11-20 14:48:00,BSI,buy,35,34.0,1.6024087852729827
TC002_34_0,C002,2023-11-24 11:19:00,VCB,buy,93,57.11,10.173506793726196
TC002_34_1,C002,2023-11-24 10:12:00,NT2,sell,23,22.05,1.5596026706035977
TC002_34_2,C002,2023-11-24 13:16:00,GVR,buy,87,19.1,4.322357463811636
TC002_35_0,C002,2023-11-29 09:40:00,ANV,sell,5,14.09,0.15070221349190607
TC002_36_0,C002,2023-12-04 11:14:00,ANV,buy,94,14.69,3.549572034107074
TC002_36_1,C002,2023-12-04 11:07:00,VIC,sell,48,21.48,3.248722662865033
TC002_37_0,C002,2023-12-08 13:40:00,NT2,buy,52,22.5,1.416256158627091
TC002_37_1,C002,2023-12-08 11:15:00,VNM,buy,52,59.91,6.381770269140482
TC002_37_2,C002,2023-12-08 10:26:00,DXG,sell,8,15.51,0.43211234506172663
TC002_38_0,C002,2023-12-14 10:58:00,NT2,sell,20,21.82,0.5537352615797972
TC002_39_0,C002,2023-12-20 11:22:00,BSI,sell,43,37.93,6.56789467047107
TC002_39_1,C002,2023-12-20 11:09:00,VIC,buy,75,21.62,2.3448647721343807
TC002_39_2,C002,2023-12-20 14:13:00,VCB,buy,33,53.86,5.683149927767545
TC002_40_0,C002,2023-12-26 13:50:00,VCB,buy,113,54.99,9.805463387876058
TC002_40_1,C002,2023-12-26 14:51:00,VNM,buy,46,59.04,12.62020458412607
TC002_40_2,C002,2023-12-26 14:29:00,YEG,sell,14,10.14,0.44518569670136604
TC002_41_0,C002,2024-01-02 13:18:00,VNM,buy,92,59.74,15.070872658405571
TC002_41_1,C002,2024-01-02 11:30:00,GVR,buy,39,20.47,2.541193872164129
TC002_42_0,C002,2024-01-05 13:50:00,NT2,buy,25,22.27,0.9291332355292422
TC002_43_0,C002,2024-01-11 11:02:00,VNM,buy,68,59.39,11.43783553104019
TC002_44_0,C002,2024-01-15 14:40:00,YEG,sell,27,9.5,0.7010496818486011
TC002_44_2,C002,2024-01-15 14:54:00,VIC,buy,111,21.52,8.06795274221436
TC002_45_0,C002,2024-01-18 10:44:00,YEG,sell,11,9.73,0.3089114167053467
TC002_45_1,C002,2024-01-18 09:50:00,BSI,sell,41,43.22,2.477905027241956
TC002_45_2,C002,2024-01-18 14:18:00,ANV,sell,111,14.52,4.2436613449489915
TC002_46_0,C002,2024-01-22 14:35:00,VCB,sell,61,63.88,4.709817184238119
TC002_46_1,C002,2024-01-22 11:03:00,DXG,buy,112,15.71,3.714279788140114
TC002_46_2,C002,2024-01-22 14:08:00,VCB,buy,62,61.1,18.310300151245688
TC002_47_0,C002,2024-01-25 10:38:00,BSI,buy,82,42.64,4.135508050383721
TC002_48_0,C002,2024-01-29 10:32:00,ACB,sell,10,18.22,0.259444250490192
TC002_49_0,C002,2024-02-02 14:10:00,GVR,sell,51,21.6,3.479203889146581
TC002_49_1,C002,2024-02-02 09:02:00,GVR,sell,14,24.03,0.6160659175495679
TC002_49_2,C002,2024-02-02 14:25:00,NT2,buy,37,23.04,2.1352628100568585
TC002_50_0,C002,2024-02-06 13:16:00,ANV,buy,13,14.64,0.8044352298923958
TC002_50_1,C002,2024-02-06 14:58:00,VNM,buy,80,59.13,19.85409146432012
TC002_51_0,C002,2024-02-15 14:25:00,DXG,buy,114,15.3,4.7539930816861204
TC002_52_0,C002,2024-02-21 13:36:00,YEG,sell,2,9.54,0.042252059223874844
TC002_52_1,C002,2024-02-21 13:50:00,NT2,sell,123,23.81,6.629520627510033
TC002_53_0,C002,2024-02-26 10:08:00,GVR,buy,41,28.13,1.539014079782037
TC002_53_1,C002,2024-02-26 14:16:00,ACB,buy,13,19.31,0.428887371386806
TC002_54_0,C002,2024-03-01 09:08:00,VCB,sell,88,64.62,28.177297829364544
TC002_55_0,C002,2024-03-07 14:52:00,ACB,sell,8,19.31,0.24266768194136162
TC002_55_1,C002,2024-03-07 14:39:00,NT2,sell,15,23.72,0.4321999618835415
TC002_56_0,C002,2024-03-13 14:42:00,YEG,buy,93,9.59,3.274661307267628
TC002_56_1,C002,2024-03-13 14:03:00,NT2,sell,32,23.45,2.480342022645534
TC002_57_0,C002,2024-03-19 09:04:00,ACB,sell,9,18.85,0.35372918989998875
TC002_57_1,C002,2024-03-19 13:56:00,NT2,buy,108,23.03,2.931697041100279
TC002_57_2,C002,2024-03-19 11:18:00,VCB,buy,119,61.43,28.723129709469948
TC002_58_0,C002,2024-03-22 11:12:00,VIC,buy,104,23.3,4.708088617976204
TC002_58_1,C002,2024-03-22 13:00:00,GVR,buy,118,32.48,17.738383920986745
TC002_59_0,C002,2024-03-26 10:55:00,BSI,sell,35,51.24,4.540540430904899
TC002_60_0,C002,2024-04-01 14:59:00,VIC,sell,47,23.92,3.1719320707134555
TC002_61_0,C002,2024-04-03 09:32:00,VCB,buy,57,62.29,9.743915087749313
TC002_62_0,C002,2024-04-09 14:13:00,GVR,buy,60,31.55,4.577790807901779
TC002_62_1,C002,2024-04-09 10:38:00,VCB,sell,353,62.62,87.38183409503722
TC002_63_0,C002,2024-04-12 11:21:00,GVR,sell,366,31.26,26.446508472333406
TC002_63_1,C002,2024-04-12 11:22:00,VCB,sell,9,62.82,2.461196999666792
TC002_64_0,C002,2024-04-19 09:34:00,VNM,buy,38,56.88,6.430085160158148
TC002_65_0,C002,2024-04-23 09:35:00,DXG,buy,109,12.68,1.7389513957411231
TC002_66_0,C002,2024-04-25 13:02:00,ANV,sell,35,13.78,0.756774703415586
TC002_66_1,C002,2024-04-25 14:20:00,NT2,buy,52,19.82,1.0783906681247581
TC002_67_0,C002,2024-05-03 13:05:00,BSI,sell,29,42.15,3.6900924313532006
TC002_67_1,C002,2024-05-03 10:09:00,ANV,sell,11,13.9,0.4211531418208844
TC002_68_0,C002,2024-05-08 11:30:00,DXG,buy,34,13.83,1.6772554099425645
TC002_68_1,C002,2024-05-08 13:13:00,YEG,sell,7,8.72,0.21621570159757733
TC002_69_0,C002,2024-05-10 10:07:00,VNM,buy,76,56.06,17.499382522872114
TC002_69_1,C002,2024-05-10 09:07:00,VNM,buy,56,58.92,14.990351953253482
TC002_69_2,C002,2024-05-10 13:47:00,DXG,buy,98,13.75,3.4174871720261963
TC002_70_0,C002,2024-05-15 10:15:00,YEG,buy,114,8.62,4.075727401358468
TC002_70_1,C002,2024-05-15 10:45:00,ACB,sell,4,19.45,0.0914421727468639
TC002_70_2,C002,2024-05-15 11:01:00,NT2,sell,140,20.38,8.196489827324223
TC002_71_0,C002,2024-05-21 14:36:00,VNM,sell,207,58.65,51.99728757971152
TC002_71_1,C002,2024-05-21 13:22:00,YEG,sell,92,10.79,4.376369117067018
TC002_71_2,C002,2024-05-21 10:48:00,YEG,buy,37,8.58,0.8362102383067573
TC002_72_0,C002,2024-05-27 14:26:00,DXG,sell,345,13.54,10.95691532981641
TC002_73_0,C002,2024-05-29 11:17:00,YEG,buy,61,8.53,1.7639470088994031
TC002_73_1,C002,2024-05-29 11:22:00,YEG,buy,24,5.99,0.7065329215483074
TC002_73_2,C002,2024-05-29 10:48:00,BSI,buy,88,48.18,9.636471946694337
TC002_74_0,C002,2024-05-31 14:45:00,VIC,buy,70,21.78,3.0704819789796325
TC002_74_1,C002,2024-05-31 11:08:00,NT2,buy,112,21.45,2.576983535994343
TC002_75_0,C002,2024-06-06 13:34:00,VNM,sell,366,59.54,92.72418821700306
TC002_75_1,C002,2024-06-06 13:59:00,BSI,buy,86,48.26,16.362109171245024
TC002_75_2,C002,2024-06-06 13:59:00,DXG,sell,66,13.62,2.2848922431620884
TC002_76_0,C002,2024-06-11 11:17:00,YEG,buy,50,9.04,1.593312136469996
TC002_76_1,C002,2024-06-11 10:16:00,VNM,sell,75,58.92,5.964655013308639
TC002_77_0,C002,2024-06-13 14:50:00,YEG,buy,103,8.94,2.113251017655564
TC002_77_1,C002,2024-06-13 14:59:00,GVR,buy,113,34.53,16.578249701841628
TC002_77_2,C002,2024-06-13 13:20:00,NT2,buy,28,21.31,1.905053537960039
TC002_78_0,C002,2024-06-17 11:01:00,VCB,buy,11,57.84,1.7567182605334635
TC002_79_0,C002,2024-06-19 14:56:00,GVR,buy,44,32.82,5.9272390672994
TC002_79_1,C002,2024-06-19 09:47:00,VNM,buy,62,57.85,9.007624000857172
TC002_80_0,C002,2024-06-25 11:12:00,VIC,sell,325,20.6,13.678501547673932
TC002_80_1,C002,2024-06-25 11:28:00,VNM,buy,95,58.03,22.54539578208645
TC002_81_0,C002,2024-07-01 13:06:00,DXG,buy,68,13.05,2.6368294125313243
TC002_81_1,C002,2024-07-01 13:37:00,ANV,buy,34,15.62,1.6045088566689398
TC002_81_2,C002,2024-07-01 13:06:00,VNM,buy,113,58.47,9.058291489012712
TC002_82_0,C002,2024-07-04 11:08:00,VCB,buy,40,58.44,6.072411327511804
TC002_83_0,C002,2024-07-10 13:57:00,GVR,buy,55,36.14,2.443089688650803
TC002_83_1,C002,2024-07-10 10:33:00,VCB,buy,77,61.88,19.478699894129488
TC002_83_2,C002,2024-07-10 10:26:00,VCB,sell,92,58.84,14.593621380545041
TC002_84_0,C002,2024-07-12 14:16:00,NT2,buy,39,20.42,1.5120483694878575
TC002_84_1,C002,2024-07-12 10:20:00,VIC,buy,27,20.88,2.3512148387296903
TC002_85_0,C002,2024-07-16 10:42:00,BSI,sell,165,43.8,18.042594053391774
TC002_86_0,C002,2024-07-19 13:13:00,ACB,buy,47,20.97,4.253884485005023
TC002_87_0,C002,2024-07-25 11:13:00,VCB,sell,43,57.97,10.70393135700571
TC002_87_1,C002,2024-07-25 11:15:00,ACB,buy,105,20.1,3.174772185462191
TC002_87_2,C002,2024-07-25 09:41:00,BSI,buy,104,39.08,5.321594760755862
TC002_88_0,C002,2024-07-30 14:07:00,VNM,sell,66,59.98,18.312713867041275
TC002_89_0,C002,2024-08-01 10:21:00,VNM,buy,104,62.28,8.972337788198411
TC002_90_0,C002,2024-08-05 13:51:00,VIC,sell,14,20.65,0.31078195897135147
TC002_91_0,C002,2024-08-09 14:30:00,ACB,sell,72,19.72,6.0355937873432435
TC002_91_1,C002,2024-08-09 14:26:00,DXG,buy,66,13.92,2.6546687810244234
TC002_91_2,C002,2024-08-09 14:16:00,DXG,sell,120,10.88,2.426045989250955
TC002_92_0,C002,2024-08-13 09:57:00,ACB,buy,91,19.72,6.377461948586821
TC002_93_0,C002,2024-08-19 09:32:00,BSI,sell,26,45.3,5.318428175908349
TC002_94_0,C002,2024-08-22 09:36:00,ANV,sell,63,15.55,4.792070713460318
TC002_95_0,C002,2024-08-28 14:21:00,GVR,buy,29,34.82,4.590629013555263
TC002_96_0,C002,2024-08-30 13:02:00,ANV,buy,54,15.21,1.5746264802242755
TC002_96_1,C002,2024-08-30 14:21:00,VNM,buy,12,65.47,3.8295649114886525
TC002_96_2,C002,2024-08-30 10:14:00,ACB,buy,20,20.72,1.6396978553243169
TC002_97_0,C002,2024-09-09 13:55:00,GVR,sell,204,33.7,28.95571951476247
TC002_98_0,C002,2024-09-11 10:55:00,VIC,buy,12,21.5,1.2534501790505441
TC002_98_1,C002,2024-09-11 11:02:00,VIC,buy,111,18.11,2.059975251183924
TC002_99_0,C002,2024-09-16 09:04:00,ANV,buy,72,14.83,2.3182566497560706
TC002_100_0,C002,2024-09-20 11:09:00,BSI,buy,42,43.99,4.642903515682186
TC002_101_0,C002,2024-09-24 09:38:00,NT2,buy,50,18.42,3.8144930776693395
TC002_101_1,C002,2024-09-24 14:26:00,VCB,sell,2,60.56,0.2890953232196611
TC002_102_0,C002,2024-09-26 09:42:00,BSI,buy,51,44.89,8.536349418591328
TC002_102_1,C002,2024-09-26 13:41:00,NT2,buy,16,18.52,0.7124528698802641
TC002_103_0,C002,2024-09-30 09:26:00,ACB,buy,51,21.52,4.028149597651913
TC002_103_1,C002,2024-09-30 14:02:00,NT2,sell,224,18.42,19.605163442103585
TC002_103_2,C002,2024-09-30 09:14:00,DXG,buy,102,13.67,4.131290270265554
TC002_104_0,C002,2024-10-02 10:10:00,NT2,buy,85,18.42,3.3996966943795077
TC002_105_0,C002,2024-10-04 14:45:00,YEG,buy,40,8.48,0.7459782808446098
TC002_105_1,C002,2024-10-04 10:51:00,VCB,buy,92,62.93,13.650171572903632
TC002_105_2,C002,2024-10-04 10:37:00,VCB,buy,51,61.29,12.797279791188265
TC002_106_0,C002,2024-10-09 13:01:00,NT2,sell,14,18.28,1.125072211536139
TC002_107_0,C002,2024-10-15 09:36:00,ACB,sell,25,21.6,2.282360424620649
TC002_107_1,C002,2024-10-15 11:17:00,VNM,buy,65,61.2,15.77681337402635
TC002_108_0,C002,2024-10-18 09:40:00,YEG,buy,17,9.36,0.7193478867084758
TC002_108_1,C002,2024-10-18 13:46:00,VCB,buy,107,61.36,27.33769313835162
TC002_109_0,C002,2024-10-23 09:15:00,YEG,buy,69,8.69,0.7374381440640682
TC002_110_0,C002,2024-10-29 11:28:00,VIC,buy,118,20.68,9.592268883789584
TC002_111_0,C002,2024-11-01 13:55:00,BSI,sell,44,42.8,4.88935519393526
TC002_111_1,C002,2024-11-01 10:27:00,GVR,buy,119,34.66,6.300043779723495
TC002_111_2,C002,2024-11-01 09:48:00,GVR,buy,24,31.55,3.119830765995488
TC002_112_0,C002,2024-11-06 11:19:00,DXG,sell,36,13.83,1.7146948699851818
TC002_112_1,C002,2024-11-06 13:13:00,YEG,buy,90,9.45,2.399955055262084
TC002_113_0,C002,2024-11-08 11:29:00,DXG,buy,98,13.38,4.47590113661815
TC002_113_1,C002,2024-11-08 09:42:00,NT2,buy,114,17.54,2.6984272890358705
TC002_114_0,C002,2024-11-13 14:45:00,BSI,sell,50,43.35,9.640738442556728
TC002_114_1,C002,2024-11-13 11:28:00,NT2,buy,116,17.63,6.059620840113501
TC002_115_0,C002,2024-11-15 13:45:00,YEG,buy,25,10.27,0.3816735224078139
TC002_115_1,C002,2024-11-15 13:53:00,DXG,sell,125,13.22,4.123514418441944
TC002_116_0,C002,2024-11-21 11:05:00,VIC,buy,91,20.18,5.199295126610501
TC002_117_0,C002,2024-11-27 10:27:00,GVR,buy,83,30.81,5.881637160611838
TC002_117_1,C002,2024-11-27 10:22:00,DXG,buy,47,14.2,1.6099992959959386
TC002_117_2,C002,2024-11-27 14:08:00,VIC,buy,76,20.38,3.0380870621376075
TC002_118_0,C002,2024-12-02 10:36:00,VNM,sell,88,59.09,13.433306106923338
TC002_118_1,C002,2024-12-02 14:12:00,DXG,buy,79,14.12,1.3482606802563633
TC002_119_0,C002,2024-12-04 11:06:00,GVR,buy,29,29.92,4.271853864676122
TC002_120_0,C002,2024-12-10 09:37:00,VCB,sell,211,62.76,26.698776146473424
TC002_120_1,C002,2024-12-10 14:06:00,YEG,buy,49,12.88,1.0194831863065164
TC002_121_0,C002,2024-12-16 13:00:00,GVR,buy,82,30.76,3.5217506249265145
TC002_121_1,C002,2024-12-16 11:12:00,DXG,sell,118,14.69,5.937943608438254
TC002_122_0,C002,2024-12-19 14:25:00,VNM,buy,99,62.46,10.00331844575645
TC002_122_1,C002,2024-12-19 11:12:00,VNM,buy,48,58.54,13.84140908504264
TC002_123_0,C002,2024-12-23 13:26:00,VIC,buy,16,20.3,0.9541726655183344
TC002_123_1,C002,2024-12-23 11:00:00,NT2,buy,51,18.61,3.0928378077400476
TC002_124_0,C002,2024-12-26 13:34:00,BSI,buy,103,43.8,11.675772793987322
TC002_125_0,C002,2024-12-31 10:01:00,BSI,sell,54,44.17,9.936462261364639
TC002_126_0,C002,2025-01-07 11:30:00,YEG,buy,38,15.48,1.72238368726854
TC002_127_0,C002,2025-01-09 14:10:00,BSI,sell,54,40.76,5.090653174190934
TC002_127_1,C002,2025-01-09 13:05:00,DXG,buy,68,12.76,3.3913024899906508
TC002_127_2,C002,2025-01-09 10:51:00,ACB,sell,112,20.85,7.372175113353545
TC002_128_0,C002,2025-01-15 14:20:00,ACB,sell,61,20.81,5.274395520520222
TC002_128_1,C002,2025-01-15 11:08:00,BSI,sell,74,40.03,11.564955977576638
TC002_129_0,C002,2025-01-21 11:23:00,DXG,buy,50,12.72,2.2014203590840604
TC002_129_1,C002,2025-01-21 11:28:00,VIC,sell,56,20.23,2.080283820100383
TC002_130_0,C002,2025-01-24 09:48:00,ANV,buy,79,16.65,2.1230399051392053
TC002_131_0,C002,2025-02-06 09:40:00,BSI,sell,3,41.9,0.5669043669507965
TC002_132_0,C002,2025-02-12 13:09:00,NT2,buy,39,19.36,2.424355627164189
TC002_132_1,C002,2025-02-12 11:12:00,VCB,buy,93,60.76,14.34053283359225
TC002_132_2,C002,2025-02-12 09:37:00,BSI,sell,16,41.21,3.025536910921073
TC002_133_0,C002,2025-02-14 10:12:00,DXG,buy,67,12.42,2.74230460218952
TC002_133_1,C002,2025-02-14 13:43:00,DXG,sell,86,15.38,2.3056416278151133
TC002_134_0,C002,2025-02-19 09:01:00,YEG,sell,668,16.25,44.162174112259564
TC002_134_1,C002,2025-02-19 13:41:00,YEG,buy,116,14.92,3.5504188808110952
TC002_135_0,C002,2025-02-21 09:20:00,VNM,buy,84,56.69,9.274028301714534
TC002_135_1,C002,2025-02-21 13:08:00,BSI,buy,12,42.12,1.035421273331517
TC002_135_2,C002,2025-02-21 13:25:00,ACB,buy,111,21.89,6.84513995449686
TC002_136_0,C002,2025-02-26 09:29:00,VIC,sell,74,20.5,1.6519527391555864
TC002_137_0,C002,2025-03-03 14:37:00,ANV,sell,27,16.94,1.2374402349032794
TC002_138_0,C002,2025-03-07 09:35:00,ANV,buy,41,16.99,2.5232896550656303
TC002_138_1,C002,2025-03-07 13:45:00,VIC,sell,448,22.65,24.78253463640944
TC002_139_0,C002,2025-03-12 11:11:00,VIC,buy,71,24.05,5.123481776589636
TC002_139_1,C002,2025-03-12 14:41:00,YEG,buy,41,16.0,2.419290396991881
TC002_140_0,C002,2025-03-17 14:03:00,VNM,buy,101,58.17,28.754417108917803
TC002_141_0,C002,2025-03-20 10:18:00,ACB,buy,77,21.93,6.966165212994028
TC002_141_1,C002,2025-03-20 13:12:00,GVR,buy,27,34.01,1.231407500647399
TC002_142_0,C002,2025-03-25 14:05:00,ACB,buy,81,21.98,5.116527577079056
TC002_142_1,C002,2025-03-25 10:45:00,DXG,buy,116,14.13,1.877872271010056
TC002_143_0,C002,2025-03-27 14:24:00,ANV,sell,140,16.07,10.760205827387011
TC002_143_1,C002,2025-03-27 14:34:00,ACB,buy,112,21.73,4.435187226532796
TC002_143_2,C002,2025-03-27 11:00:00,VCB,buy,110,65.08,24.42782262224215
TC002_144_0,C002,2025-04-01 13:55:00,NT2,buy,13,19.31,0.9062141397567494
TC002_145_0,C002,2025-04-03 13:45:00,VIC,buy,101,28.1,12.166295048928275
TC002_146_0,C002,2025-04-08 13:39:00,GVR,sell,394,25.39,10.555200523837994
TC002_146_1,C002,2025-04-08 14:15:00,VNM,sell,568,50.32,116.94320652311488
TC002_146_2,C002,2025-04-08 14:45:00,GVR,sell,11,25.05,0.812579336116625
TC002_147_0,C002,2025-04-11 11:28:00,VNM,sell,29,53.09,2.6621792435368477
TC002_148_0,C002,2025-04-17 11:14:00,NT2,buy,119,17.57,10.335223820663831
TC002_148_1,C002,2025-04-17 14:05:00,ANV,buy,91,14.38,1.4407983518196887
TC002_149_0,C002,2025-04-21 14:25:00,BSI,sell,17,42.3,2.718390619300282
TC002_149_1,C002,2025-04-21 14:28:00,YEG,sell,206,11.91,10.238870327481065
TC002_149_2,C002,2025-04-21 14:00:00,YEG,buy,10,11.55,0.38675233103309664
TC002_150_0,C002,2025-04-25 14:15:00,DXG,buy,113,12.72,2.185350185542594
TC002_151_0,C002,2025-04-29 11:13:00,VNM,buy,57,56.78,9.115189147523289
TC002_151_1,C002,2025-04-29 14:40:00,YEG,sell,4,11.8,0.13190911781100528
TC002_151_2,C002,2025-04-29 09:34:00,VNM,buy,13,53.18,2.265836835327081
TC002_152_0,C002,2025-05-07 14:12:00,ANV,buy,119,15.25,4.110378510015137
TC002_153_0,C002,2025-05-09 13:04:00,DXG,buy,103,13.83,3.7294071924191767
TC002_154_0,C002,2025-05-13 11:16:00,ANV,sell,288,14.71,18.10833101534549
TC002_154_1,C002,2025-05-13 09:46:00,GVR,buy,29,28.25,2.243857970033463
TC002_154_2,C002,2025-05-13 13:00:00,BSI,sell,2,42.39,0.2786200221611431
TC002_155_0,C002,2025-05-15 14:08:00,BSI,buy,98,43.12,17.93165243055041
TC002_156_0,C002,2025-05-20 10:21:00,NT2,buy,39,18.1,2.3842066072496206
TC002_157_0,C002,2025-05-26 14:54:00,BSI,buy,36,42.21,4.906068453786749
TC002_158_0,C002,2025-05-30 10:46:00,ANV,sell,8,15.34,0.5737763810856369
TC002_159_0,C002,2025-06-03 14:37:00,ACB,buy,102,21.25,9.659252679562284
TC002_160_0,C002,2025-06-05 10:52:00,DXG,sell,298,15.85,5.833487236014862
TC002_160_1,C002,2025-06-05 14:04:00,VNM,sell,26,53.82,6.106079083917912
TC002_161_0,C002,2025-06-11 13:15:00,DXG,buy,84,14.34,2.796973210203997
TC002_161_1,C002,2025-06-11 10:03:00,DXG,buy,47,15.6,2.8778177292852134
TC002_161_2,C002,2025-06-11 14:35:00,GVR,sell,65,27.36,4.393407366851077
TC002_162_0,C002,2025-06-17 14:05:00,ANV,sell,9,16.02,0.21930139335298937
TC002_162_1,C002,2025-06-17 10:25:00,BSI,buy,71,40.45,8.05542152666317
TC002_162_2,C002,2025-06-17 13:12:00,DXG,sell,51,16.15,3.9822477050366754
TC002_163_0,C002,2025-06-19 13:21:00,DXG,sell,188,16.25,5.6594606931551885
TC002_163_1,C002,2025-06-19 11:16:00,NT2,sell,453,17.71,36.35210336783454
TC002_163_2,C002,2025-06-19 13:17:00,VIC,sell,211,44.7,12.2391603478212
TC002_164_0,C002,2025-06-23 13:12:00,GVR,sell,5,29.38,0.72663434727316
TC002_164_1,C002,2025-06-23 11:19:00,VNM,buy,113,53.44,15.968885950363717
TC002_164_2,C002,2025-06-23 11:10:00,YEG,buy,45,12.2,2.473331812848753
TC002_165_0,C002,2025-06-26 13:17:00,YEG,buy,63,12.3,2.9173926611652523
TC002_165_1,C002,2025-06-26 11:20:00,NT2,buy,73,18.58,4.489991398836757
TC002_166_0,C002,2025-07-01 14:14:00,VNM,sell,120,54.97,11.86434753783532
TC002_167_0,C002,2025-07-03 11:16:00,ACB,sell,404,21.4,25.01037285124648
TC002_167_1,C002,2025-07-03 14:33:00,VIC,sell,17,47.25,3.626973647232248
TC002_168_0,C002,2025-07-08 14:36:00,YEG,buy,35,12.35,0.9705853133299785
TC002_169_0,C002,2025-07-11 09:28:00,VIC,buy,84,54.0,18.86603120085905
TC002_170_0,C002,2025-07-17 09:39:00,YEG,sell,69,12.9,3.424146752326253
TC002_170_1,C002,2025-07-17 11:16:00,VNM,buy,106,57.45,17.049051277574037
TC002_170_2,C002,2025-07-17 13:40:00,ACB,buy,84,22.45,7.85375599768905
TC002_171_0,C002,2025-07-23 09:37:00,DXG,buy,102,19.3,4.617997740562795
TC002_171_1,C002,2025-07-23 14:42:00,GVR,buy,61,30.61,3.220966836094429
TC002_171_2,C002,2025-07-23 13:01:00,VNM,buy,108,58.98,30.95058272064519
TC002_172_0,C002,2025-07-28 13:29:00,VIC,sell,24,57.8,5.938543708465496
TC002_172_1,C002,2025-07-28 09:12:00,DXG,buy,19,20.95,1.7360985264576028
TC002_172_2,C002,2025-07-28 13:38:00,GVR,sell,21,30.96,1.6041638768739177
TC002_173_0,C002,2025-07-30 09:57:00,ACB,buy,53,23.0,2.408273029629962
TC002_173_1,C002,2025-07-30 11:06:00,VCB,sell,67,60.51,9.229417226904255
TC002_173_2,C002,2025-07-30 11:12:00,VIC,sell,48,54.75,12.806949997296172
TC002_174_0,C002,2025-08-01 14:34:00,BSI,buy,16,46.2,2.291659234791209
TC002_175_0,C002,2025-08-05 10:44:00,YEG,sell,52,15.15,3.4068887864544397
TC002_176_0,C002,2025-08-07 10:08:00,VCB,buy,15,61.3,3.310374086613588
TC002_176_1,C002,2025-08-07 09:52:00,DXG,sell,138,20.6,6.857563743419284
TC002_176_2,C002,2025-08-07 10:32:00,NT2,sell,3,21.2,0.10542318286083986
TC002_177_0,C002,2025-08-11 14:04:00,NT2,buy,116,21.34,4.066783638380058
TC002_177_1,C002,2025-08-11 09:30:00,GVR,buy,90,32.14,12.076762865882554
TC002_178_0,C002,2025-08-15 10:22:00,VIC,sell,24,59.1,3.9862256225614434
TC002_178_1,C002,2025-08-15 11:03:00,ACB,sell,32,26.55,3.297429870020364
TC002_179_0,C002,2025-08-20 13:49:00,YEG,sell,8,15.2,0.17566058406111865
TC002_180_0,C002,2025-08-25 11:26:00,ACB,sell,136,26.2,9.314023854756515
TC002_181_0,C002,2025-08-27 11:17:00,DXG,sell,100,22.75,4.305913374085239
TC002_181_1,C002,2025-08-27 13:14:00,VIC,buy,120,66.0,31.73259804853558
TC002_181_2,C002,2025-08-27 11:18:00,VCB,buy,72,68.65,21.925694168346652
TC002_182_0,C002,2025-09-03 14:53:00,YEG,sell,9,14.35,0.18653237052198007
TC002_183_0,C002,2025-09-05 11:23:00,ACB,buy,74,27.15,8.885679094907134
TC002_183_1,C002,2025-09-05 14:57:00,VNM,buy,29,58.22,4.368936079900634
TC002_184_0,C002,2025-09-09 14:18:00,GVR,buy,46,28.2,5.549528113668225
TC002_185_0,C002,2025-09-11 14:42:00,NT2,sell,304,23.71,10.486449982693694
TC002_185_1,C002,2025-09-11 10:16:00,BSI,sell,24,50.4,4.071904138376213
TC002_185_2,C002,2025-09-11 13:04:00,NT2,buy,27,20.9,1.5109789782725478
TC002_186_0,C002,2025-09-17 11:25:00,YEG,buy,57,14.0,3.4945963863398952
TC002_186_1,C002,2025-09-17 10:29:00,VIC,buy,105,71.55,34.59375486700163
TC002_187_0,C002,2025-09-23 11:10:00,GVR,sell,124,25.93,6.802935774838409
TC002_187_1,C002,2025-09-23 09:50:00,GVR,buy,108,27.7,13.023613790586362
TC002_188_0,C002,2025-09-25 10:30:00,GVR,sell,78,28.4,9.251842237749324
TC002_188_1,C002,2025-09-25 14:10:00,YEG,buy,56,14.65,1.4709642798496063
TC002_189_0,C002,2025-10-01 11:09:00,ACB,sell,157,25.8,12.88508828307509
TC002_189_1,C002,2025-10-01 14:52:00,YEG,sell,110,14.35,3.1151202847816672
TC002_189_2,C002,2025-10-01 11:06:00,GVR,sell,25,27.46,2.720934582923623
TC002_190_0,C002,2025-10-07 11:28:00,GVR,buy,59,26.97,2.4491834948159443
TC002_191_0,C002,2025-10-10 11:16:00,ACB,buy,66,26.95,5.802018386004439
TC002_192_0,C002,2025-10-16 14:58:00,VIC,buy,28,106.55,14.148823137722317
TC002_192_1,C002,2025-10-16 10:55:00,ANV,buy,86,29.62,11.85961296935294
TC002_193_0,C002,2025-10-22 10:45:00,BSI,buy,79,41.1,10.009370538851819
TC002_193_1,C002,2025-10-22 14:58:00,VCB,buy,65,59.6,12.676872620661856
TC002_194_0,C002,2025-10-28 10:10:00,VCB,buy,26,60.0,5.5243589440106025
TC002_194_1,C002,2025-10-28 10:25:00,NT2,sell,22,23.3,1.0544256476696179
TC002_195_0,C002,2025-10-31 14:06:00,YEG,buy,120,12.5,2.756223603545452
TC002_195_1,C002,2025-10-31 11:16:00,VCB,sell,39,59.6,3.939800657846874
TC002_195_2,C002,2025-10-31 09:42:00,BSI,buy,45,42.3,8.449845891942573
TC002_196_0,C002,2025-11-06 09:05:00,BSI,sell,314,41.8,58.90995164078716
TC002_196_1,C002,2025-11-06 14:45:00,VIC,buy,79,103.9,26.136432615147157
TC002_197_0,C002,2025-11-12 13:50:00,ACB,buy,73,25.2,5.05673261699664
TC002_197_1,C002,2025-11-12 11:29:00,GVR,buy,102,28.05,12.016554775921035
TC002_198_0,C002,2025-11-17 10:21:00,YEG,buy,29,12.25,0.7355924585986113
TC002_199_0,C002,2025-11-21 10:21:00,VIC,sell,30,114.85,13.831227650653272
TC002_200_0,C002,2025-11-26 09:51:00,NT2,buy,10,23.6,0.253009246556247
TC002_200_1,C002,2025-11-26 11:07:00,GVR,sell,34,27.5,1.6832143170059752
TC002_200_2,C002,2025-11-26 09:01:00,YEG,sell,129,12.25,3.4824614724121368
TC002_201_0,C002,2025-12-02 14:25:00,DXG,buy,31,18.4,0.8496863665170744
TC002_202_0,C002,2025-12-05 10:09:00,GVR,buy,58,27.4,5.160935578862033
TC002_203_0,C002,2025-12-11 11:20:00,VCB,buy,57,57.6,6.529968713126326
TC002_204_0,C002,2025-12-17 13:23:00,VNM,sell,304,62.9,64.09576164019633
TC002_204_1,C002,2025-12-17 10:14:00,NT2,buy,88,23.2,2.581520646442681
TC002_204_2,C002,2025-12-17 10:35:00,VCB,buy,115,56.7,20.93068157232705
TC002_205_0,C002,2025-12-22 14:42:00,ACB,sell,139,24.3,6.618579654006729
TC002_205_1,C002,2025-12-22 09:43:00,DXG,sell,40,18.0,1.8310524974523092
TC002_206_0,C002,2025-12-26 09:08:00,NT2,sell,6,24.15,0.529887701548525
TC002_207_0,C002,2025-12-30 09:15:00,YEG,sell,6,12.45,0.32092622095125944
TC002_208_0,C002,2026-01-07 14:17:00,VCB,sell,331,59.6,38.12552418688562
TC002_208_1,C002,2026-01-07 10:10:00,DXG,sell,8,16.75,0.6287262849205035
TC002_209_0,C002,2026-01-09 14:13:00,GVR,buy,69,31.6,8.281675445492338
TC002_210_0,C002,2026-01-15 10:34:00,ACB,sell,4,24.9,0.24976387562801197
TC002_211_0,C002,2026-01-20 09:52:00,VNM,sell,37,73.4,6.180968943290053
TC002_211_1,C002,2026-01-20 09:19:00,ACB,buy,35,25.05,1.251949393823909
TC002_211_2,C002,2026-01-20 13:54:00,BSI,sell,1,40.0,0.18527515664901495
TC002_212_0,C002,2026-01-26 11:04:00,VNM,buy,33,68.9,7.989627460286334
TC002_212_1,C002,2026-01-26 09:57:00,BSI,sell,1,38.45,0.09221007612463053
TC002_212_2,C002,2026-01-26 14:12:00,ANV,buy,56,27.15,3.0751325613628295
TC002_213_0,C002,2026-01-29 10:11:00,VIC,buy,100,140.5,67.26545494012993
TC002_213_1,C002,2026-01-29 14:21:00,VNM,buy,53,71.1,7.6777150962376455
TC002_214_0,C002,2026-02-04 13:25:00,BSI,sell,1,39.3,0.10787868438207511
TC002_214_1,C002,2026-02-04 14:57:00,NT2,sell,96,27.05,11.652576586198526
TC002_215_0,C002,2026-02-09 11:07:00,DXG,sell,8,15.0,0.1629163833634122
TC002_215_1,C002,2026-02-09 11:05:00,GVR,buy,18,38.65,1.804738248701195
TC002_215_2,C002,2026-02-09 10:30:00,ACB,buy,19,22.95,2.1689836483532883
TC002_216_0,C002,2026-02-13 14:05:00,ACB,buy,41,23.85,1.4353318225358895
TC002_216_1,C002,2026-02-13 14:11:00,YEG,sell,5,12.15,0.17249583586585687
TC002_216_2,C002,2026-02-13 13:37:00,ANV,buy,118,26.5,12.116056256938215
TC002_217_0,C002,2026-02-23 09:12:00,BSI,buy,93,38.45,14.928358637909673
TC002_218_0,C002,2026-02-25 14:20:00,VCB,sell,110,65.1,31.456258403411695
TC002_218_1,C002,2026-02-25 10:57:00,YEG,buy,43,12.5,1.873196832673275
TC002_218_2,C002,2026-02-25 14:28:00,YEG,buy,21,14.02,1.0079588347551738
TC002_219_1,C002,2026-03-03 13:50:00,NT2,sell,14,28.8,1.3785254488239702
TC002_219_2,C002,2026-03-03 13:06:00,ACB,sell,39,23.5,3.5147458672810035
TC002_220_0,C002,2026-03-05 11:30:00,VIC,sell,158,164.8,57.12580897049517
TC002_221_0,C002,2026-03-09 13:28:00,YEG,buy,44,10.85,2.297205215696664
TC002_221_1,C002,2026-03-09 14:18:00,VCB,sell,27,57.3,2.5334485509250704
TC002_222_0,C002,2026-03-12 13:17:00,GVR,buy,12,35.8,1.2013849044844396
TC002_222_1,C002,2026-03-12 10:55:00,NT2,buy,44,26.5,4.170527057148596
TC002_223_0,C002,2026-03-17 14:24:00,ANV,buy,84,24.1,2.655054292667612
TC002_223_1,C002,2026-03-17 14:07:00,ACB,buy,111,23.75,11.890514705852453
TC002_223_2,C002,2026-03-17 13:05:00,GVR,buy,33,33.3,5.485291686164749
TC003_0_0,C003,2023-07-03 13:51:00,DCM,buy,111,22.28,6.6678744825472895
TC003_0_1,C003,2023-07-03 09:13:00,VIB,buy,20,13.39,1.2522338618951792
TC003_1_1,C003,2023-08-02 13:14:00,KDH,buy,28,26.89,2.5924133836535734
TC003_2_0,C003,2023-08-16 14:10:00,GEX,buy,98,21.08,9.071663121443983
TC003_2_1,C003,2023-08-16 10:19:00,MWG,buy,90,52.62,5.23739680121516
TC003_3_0,C003,2023-09-27 09:40:00,TNG,buy,180,15.28,8.200197171129037
TC003_4_1,C003,2023-10-17 10:48:00,DXG,buy,112,12.72,7.086962170141821
TC003_6_0,C003,2023-12-04 10:20:00,VRE,buy,53,23.0,4.497947387324567
TC003_7_0,C003,2023-12-27 13:59:00,SHB,buy,163,7.91,5.828416967297233
TC003_7_1,C003,2023-12-27 14:02:00,VHC,buy,74,56.36,6.165398837147333
TC003_7_2,C003,2023-12-27 14:41:00,FPT,buy,56,70.92,19.273880662797044
TC003_7_3,C003,2023-12-27 14:09:00,VJC,buy,89,107.9,9.88437507004291
TC003_8_0,C003,2024-02-16 11:09:00,TCB,buy,20,18.19,1.4515102504537134
TC003_8_2,C003,2024-02-16 10:16:00,MWG,buy,101,45.28,11.883843391572164
TC003_9_0,C003,2024-04-01 09:46:00,PAN,buy,146,24.03,11.023814652696348
TC003_10_0,C003,2024-04-26 13:11:00,PAN,buy,198,20.55,16.131523657061546
TC003_12_0,C003,2024-07-12 13:25:00,VJC,buy,162,102.0,59.77136594253096
TC003_12_1,C003,2024-07-12 11:14:00,TNG,sell,161,21.64,8.919367753870274
TC003_13_0,C003,2024-08-20 11:14:00,FPT,sell,38,111.47,10.439020282769151
TC003_15_0,C003,2024-10-18 14:54:00,VHM,buy,48,45.25,10.238939505579465
TC003_15_1,C003,2024-10-18 13:34:00,KDH,sell,18,29.79,2.2064962323479733
TC003_16_0,C003,2024-11-14 14:31:00,VHM,buy,187,40.35,26.075908978427208
TC003_16_1,C003,2024-11-14 10:19:00,CSM,buy,149,12.43,7.5411674171357586
TC003_17_0,C003,2024-11-25 10:36:00,STB,buy,184,32.85,16.020029031226755
TC003_17_1,C003,2024-11-25 10:48:00,VIB,buy,181,15.63,5.343273777189816
TC003_17_2,C003,2024-11-25 09:47:00,DXG,buy,49,13.91,3.318561065863675
TC003_18_0,C003,2024-12-05 11:23:00,GEX,sell,64,17.76,4.2871993534546
TC003_18_1,C003,2024-12-05 10:06:00,DXG,sell,93,14.69,4.043852812245074
TC003_20_0,C003,2025-01-21 11:13:00,PAN,sell,179,24.68,16.258983205689468
TC003_21_0,C003,2025-02-27 09:37:00,DGC,buy,115,106.16,42.42657929187292
TC003_21_1,C003,2025-02-27 14:43:00,DXG,buy,40,13.62,2.2173712142371507
TC003_22_0,C003,2025-03-28 11:07:00,VHM,sell,141,51.2,25.403828338750472
TC003_22_1,C003,2025-03-28 13:16:00,VHC,sell,51,59.92,11.134334345289828
TC003_23_0,C003,2025-05-07 11:00:00,DGC,sell,98,88.24,17.94478538222315
TC003_23_1,C003,2025-05-07 13:06:00,VHM,buy,24,62.0,4.261817067960089
TC003_24_0,C003,2025-05-27 13:52:00,CSM,buy,91,13.21,1.408962327530446
TC003_24_1,C003,2025-05-27 14:19:00,VJC,buy,192,88.4,59.11203795402209
TC003_24_2,C003,2025-05-27 11:13:00,HSG,buy,53,16.4,2.587166050883226
TC003_24_3,C003,2025-05-27 10:11:00,GEX,buy,182,35.44,28.411079286376854
TC003_25_0,C003,2025-06-09 14:43:00,DGC,buy,122,84.41,27.677311916058617
TC003_26_0,C003,2025-07-18 14:00:00,CSM,buy,109,14.7,4.592815480650306
TC003_26_1,C003,2025-07-18 14:54:00,DCM,buy,87,33.8,13.282732030697096
TC003_27_0,C003,2025-08-18 13:08:00,DGC,sell,101,99.07,16.623993089307653
TC003_27_1,C003,2025-08-18 09:57:00,TCB,buy,106,36.97,16.839419501155934
TC003_28_0,C003,2025-09-12 10:35:00,PAN,buy,189,33.4,24.879358689883187
TC003_28_1,C003,2025-09-12 09:56:00,DCM,sell,195,38.85,26.742315208855494
TC003_29_0,C003,2025-10-22 13:25:00,TCB,buy,116,38.0,10.219921145248252
TC003_30_0,C003,2025-12-03 11:24:00,GEX,sell,201,46.05,18.245217055883376
TC003_31_0,C003,2025-12-22 11:30:00,VHC,sell,17,55.0,2.284849653291683
TC003_31_1,C003,2025-12-22 09:55:00,VIB,buy,157,17.75,4.490881653750589
TC003_32_0,C003,2025-12-30 11:12:00,TNG,buy,153,17.85,5.816922707293808
TC003_33_0,C003,2026-01-26 09:27:00,DCM,buy,33,34.8,4.434755202072768
TC003_33_1,C003,2026-01-26 09:05:00,VHC,buy,139,60.0,21.199439492683105
TC003_34_0,C003,2026-02-26 14:25:00,STB,buy,158,67.0,24.490886579367114
TC003_34_1,C003,2026-02-26 10:52:00,FPT,buy,167,90.5,27.57594085872171
